sampleMetadata	project	gene	sex	mouse_id	impc_id
i75851	5490aa	WT	M	641	75851
i75852	5490aa	WT	M	642	75852
i75853	5490aa	WT	M	643	75853
i75854	5490aa	WT	M	649	75854
i75855	5490aa	WT	M	650	75855
i75856	5490aa	WT	M	651	75856
i75857	5490aa	WT	M	652	75857
i75858	5490aa	WT	M	653	75858
i75999	5490ab	WT	M	658	75999
i76000	5490ab	WT	M	659	76000
i76001	5490ab	WT	M	660	76001
i76002	5490ab	WT	M	661	76002
i76003	5490ab	WT	M	662	76003
i76004	5490ab	WT	M	663	76004
i76005	5490ab	WT	M	664	76005
i76006	5490ab	WT	M	665	76006
i77015	5490ac	WT	M	660	77015
i77016	5490ac	WT	M	661	77016
i77019	5490ac	WT	M	662	77019
i77020	5490ac	WT	M	663	77020
i77021	5490ac	WT	M	664	77021
i77022	5490ac	WT	M	665	77022
i77012	5490ac	WT	M	666	77012
i77011	5490ac	WT	M	667	77011
i76983	5490ad	WT	M	668	76983
i76984	5490ad	WT	M	669	76984
i76985	5490ad	WT	M	670	76985
i76986	5490ad	WT	M	671	76986
i76979	5490ad	WT	M	672	76979
i76980	5490ad	WT	M	673	76980
i76981	5490ad	WT	M	674	76981
i76982	5490ad	WT	M	675	76982
i77451	5490ae	WT	M	684	77451
i77452	5490ae	WT	M	685	77452
i77463	5490ae	WT	M	686	77463
i77464	5490ae	WT	M	687	77464
i77465	5490ae	WT	M	688	77465
i77466	5490ae	WT	M	689	77466
i77453	5490ae	WT	M	690	77453
i77454	5490ae	WT	M	691	77454
i77534	5490af	WT	M	601	77534
i77535	5490af	WT	M	602	77535
i77536	5490af	WT	M	603	77536
i77544	5490af	WT	M	607	77544
i77545	5490af	WT	M	608	77545
i77546	5490af	WT	M	609	77546
i77547	5490af	WT	M	610	77547
i77548	5490af	WT	M	611	77548
i77671	5490ag	WT	M	624	77671
i77672	5490ag	WT	M	625	77672
i77673	5490ag	WT	M	626	77673
i77682	5490ag	WT	M	627	77682
i77683	5490ag	WT	M	628	77683
i77684	5490ag	WT	M	629	77684
i77685	5490ag	WT	M	630	77685
i78564	5490ah	WT	M	681	78564
i78565	5490ah	WT	M	682	78565
i78566	5490ah	WT	M	683	78566
i78567	5490ah	WT	M	684	78567
i78568	5490ah	WT	M	685	78568
i78569	5490ah	WT	M	690	78569
i78570	5490ah	WT	M	691	78570
i78829	5490ai	WT	M	603	78829
i78830	5490ai	WT	M	604	78830
i78831	5490ai	WT	M	605	78831
i78832	5490ai	WT	M	606	78832
i78837	5490ai	WT	M	607	78837
i78838	5490ai	WT	M	608	78838
i78839	5490ai	WT	M	609	78839
i78840	5490ai	WT	M	610	78840
i79231	5490aj	WT	M	608	79231
i79232	5490aj	WT	M	609	79232
i79233	5490aj	WT	M	610	79233
i79234	5490aj	WT	M	611	79234
i79235	5490aj	WT	M	612	79235
i79238	5490aj	WT	M	616	79238
i79239	5490aj	WT	M	617	79239
i79596	5490ak	WT	M	629	79596
i79597	5490ak	WT	M	630	79597
i79600	5490ak	WT	M	631	79600
i79601	5490ak	WT	M	632	79601
i79602	5490ak	WT	M	633	79602
i79603	5490ak	WT	M	634	79603
i79598	5490ak	WT	M	635	79598
i79599	5490ak	WT	M	636	79599
i80238	5490an	WT	M	652	80238
i80239	5490an	WT	M	653	80239
i80240	5490an	WT	M	654	80240
i80249	5490an	WT	M	655	80249
i80250	5490an	WT	M	656	80250
i80251	5490an	WT	M	657	80251
i80243	5490an	WT	M	658	80243
i80244	5490an	WT	M	659	80244
i80766	5490ao	WT	M	668	80766
i80767	5490ao	WT	M	669	80767
i80768	5490ao	WT	M	670	80768
i80769	5490ao	WT	M	671	80769
i80770	5490ao	WT	M	672	80770
i80775	5490ao	WT	M	673	80775
i80776	5490ao	WT	M	674	80776
i80777	5490ao	WT	M	675	80777
i80889	5490ap	WT	M	689	80889
i80890	5490ap	WT	M	690	80890
i80891	5490ap	WT	M	691	80891
i80892	5490ap	WT	M	692	80892
i80893	5490ap	WT	M	693	80893
i80894	5490ap	WT	M	694	80894
i80895	5490ap	WT	M	695	80895
i80914	5490aq	WT	M	601	80914
i80915	5490aq	WT	M	602	80915
i80916	5490aq	WT	M	603	80916
i80917	5490aq	WT	M	604	80917
i80910	5490aq	WT	M	605	80910
i80911	5490aq	WT	M	606	80911
i80912	5490aq	WT	M	607	80912
i80913	5490aq	WT	M	608	80913
i81146	5490ar	WT	M	621	81146
i81147	5490ar	WT	M	622	81147
i81148	5490ar	WT	M	623	81148
i81149	5490ar	WT	M	624	81149
i81158	5490ar	WT	M	629	81158
i81159	5490ar	WT	M	630	81159
i81160	5490ar	WT	M	631	81160
i81161	5490ar	WT	M	632	81161
i81479	5490as	WT	M	633	81479
i81480	5490as	WT	M	634	81480
i81481	5490as	WT	M	635	81481
i81483	5490as	WT	M	636	81483
i81484	5490as	WT	M	637	81484
i81488	5490as	WT	M	638	81488
i81489	5490as	WT	M	639	81489
i81490	5490as	WT	M	648	81490
i82349	5490at	WT	M	611	82349
i82350	5490at	WT	M	612	82350
i82351	5490at	WT	M	613	82351
i82359	5490at	WT	M	617	82359
i82360	5490at	WT	M	618	82360
i82361	5490at	WT	M	619	82361
i82354	5490at	WT	M	622	82354
i82355	5490at	WT	M	623	82355
i82538	5490av	WT	M	666	82538
i82539	5490av	WT	M	667	82539
i82540	5490av	WT	M	668	82540
i82541	5490av	WT	M	669	82541
i82530	5490av	WT	M	682	82530
i82531	5490av	WT	M	683	82531
i82533	5490av	WT	M	684	82533
i82526	5490av	WT	M	685	82526
i83325	5490aw	WT	M	680	83325
i83326	5490aw	WT	M	681	83326
i83327	5490aw	WT	M	682	83327
i83335	5490aw	WT	M	685	83335
i83328	5490aw	WT	M	688	83328
i83329	5490aw	WT	M	690	83329
i83332	5490aw	WT	M	692	83332
i83333	5490aw	WT	M	693	83333
i83886	5490ax	WT	M	682	83886
i83887	5490ax	WT	M	683	83887
i83888	5490ax	WT	M	684	83888
i83889	5490ax	WT	M	685	83889
i83890	5490ax	WT	M	686	83890
i83891	5490ax	WT	M	687	83891
i83892	5490ax	WT	M	688	83892
i83893	5490ax	WT	M	689	83893
i83947	5490ay	WT	M	678	83947
i83957	5490ay	WT	M	683	83957
i83958	5490ay	WT	M	684	83958
i83959	5490ay	WT	M	685	83959
i83952	5490ay	WT	M	690	83952
i83960	5490ay	WT	M	691	83960
i83961	5490ay	WT	M	692	83961
i83962	5490ay	WT	M	693	83962
i84202	5490az	WT	M	601	84202
i84203	5490az	WT	M	602	84203
i84204	5490az	WT	M	611	84204
i84205	5490az	WT	M	612	84205
i84210	5490az	WT	M	613	84210
i84211	5490az	WT	M	614	84211
i84200	5490az	WT	M	698	84200
i84201	5490az	WT	M	699	84201
i84331	5490ba	WT	M	627	84331
i84332	5490ba	WT	M	628	84332
i84333	5490ba	WT	M	629	84333
i84334	5490ba	WT	M	630	84334
i84335	5490ba	WT	M	631	84335
i84336	5490ba	WT	M	632	84336
i84337	5490ba	WT	M	633	84337
i84338	5490ba	WT	M	634	84338
i85355	5490bb	WT	M	635	85355
i85356	5490bb	WT	M	636	85356
i85357	5490bb	WT	M	637	85357
i85358	5490bb	WT	M	638	85358
i85359	5490bb	WT	M	639	85359
i85360	5490bb	WT	M	640	85360
i85361	5490bb	WT	M	641	85361
i85362	5490bb	WT	M	642	85362
i85451	5490bd	WT	M	651	85451
i85452	5490bd	WT	M	652	85452
i85453	5490bd	WT	M	653	85453
i85454	5490bd	WT	M	654	85454
i85463	5490bd	WT	M	659	85463
i85464	5490bd	WT	M	660	85464
i85465	5490bd	WT	M	661	85465
i85466	5490bd	WT	M	662	85466
i86434	5490be	WT	M	677	86434
i86435	5490be	WT	M	678	86435
i86436	5490be	WT	M	679	86436
i86437	5490be	WT	M	680	86437
i86442	5490be	WT	M	687	86442
i86443	5490be	WT	M	688	86443
i86444	5490be	WT	M	689	86444
i86445	5490be	WT	M	690	86445
i87229	5490bg	WT	M	601	87229
i87230	5490bg	WT	M	607	87230
i87231	5490bg	WT	M	608	87231
i87232	5490bg	WT	M	609	87232
i87217	5490bg	WT	M	697	87217
i87218	5490bg	WT	M	698	87218
i87227	5490bg	WT	M	699	87227
i87228	5490bg	WT	M	700	87228
i87929	5490bh	WT	M	613	87929
i87930	5490bh	WT	M	614	87930
i87931	5490bh	WT	M	615	87931
i87932	5490bh	WT	M	616	87932
i87921	5490bh	WT	M	617	87921
i87922	5490bh	WT	M	618	87922
i87923	5490bh	WT	M	619	87923
i87924	5490bh	WT	M	620	87924
i88131	5490bi	WT	M	629	88131
i88132	5490bi	WT	M	630	88132
i88133	5490bi	WT	M	631	88133
i88134	5490bi	WT	M	632	88134
i88143	5490bi	WT	M	633	88143
i88144	5490bi	WT	M	634	88144
i88145	5490bi	WT	M	635	88145
i88146	5490bi	WT	M	636	88146
i90380	5490bj	WT	M	645	90380
i90381	5490bj	WT	M	646	90381
i90382	5490bj	WT	M	647	90382
i90391	5490bj	WT	M	648	90391
i90392	5490bj	WT	M	649	90392
i90393	5490bj	WT	M	650	90393
i90394	5490bj	WT	M	651	90394
i90395	5490bj	WT	M	652	90395
i90579	5490bk	WT	M	661	90579
i90587	5490bk	WT	M	662	90587
i90588	5490bk	WT	M	663	90588
i90589	5490bk	WT	M	664	90589
i90585	5490bk	WT	M	665	90585
i90586	5490bk	WT	M	666	90586
i90593	5490bk	WT	M	667	90593
i90594	5490bk	WT	M	668	90594
i91340	5490bl	WT	M	681	91340
i91341	5490bl	WT	M	682	91341
i91342	5490bl	WT	M	683	91342
i91351	5490bl	WT	M	684	91351
i91347	5490bl	WT	M	689	91347
i91348	5490bl	WT	M	690	91348
i91349	5490bl	WT	M	691	91349
i91350	5490bl	WT	M	692	91350
i91585	5490bm	WT	M	601	91585
i91586	5490bm	WT	M	602	91586
i91587	5490bm	WT	M	603	91587
i91588	5490bm	WT	M	604	91588
i91577	5490bm	WT	M	697	91577
i91578	5490bm	WT	M	698	91578
i91579	5490bm	WT	M	699	91579
i91584	5490bm	WT	M	700	91584
i92027	5490bn	WT	M	693	92027
i92028	5490bn	WT	M	694	92028
i92029	5490bn	WT	M	695	92029
i92030	5490bn	WT	M	696	92030
i92035	5490bn	WT	M	697	92035
i92036	5490bn	WT	M	698	92036
i92037	5490bn	WT	M	699	92037
i92038	5490bn	WT	M	700	92038
i92753	5490bo	WT	M	609	92753
i92754	5490bo	WT	M	610	92754
i92755	5490bo	WT	M	611	92755
i92767	5490bo	WT	M	612	92767
i92756	5490bo	WT	M	613	92756
i92757	5490bo	WT	M	614	92757
i92758	5490bo	WT	M	615	92758
i92759	5490bo	WT	M	616	92759
i93295	5490bp	WT	M	625	93295
i93305	5490bp	WT	M	626	93305
i93306	5490bp	WT	M	627	93306
i93307	5490bp	WT	M	628	93307
i93308	5490bp	WT	M	629	93308
i93309	5490bp	WT	M	630	93309
i93310	5490bp	WT	M	631	93310
i93296	5490bp	WT	M	634	93296
i94532	5490bq	WT	M	643	94532
i94533	5490bq	WT	M	644	94533
i94536	5490bq	WT	M	645	94536
i94537	5490bq	WT	M	646	94537
i94543	5490bq	WT	M	647	94543
i94544	5490bq	WT	M	648	94544
i94545	5490bq	WT	M	649	94545
i94538	5490bq	WT	M	650	94538
i94734	5490br	WT	M	651	94734
i94735	5490br	WT	M	652	94735
i94736	5490br	WT	M	653	94736
i94737	5490br	WT	M	654	94737
i94742	5490br	WT	M	655	94742
i94743	5490br	WT	M	656	94743
i94744	5490br	WT	M	657	94744
i94745	5490br	WT	M	658	94745
i95264	5490bs	WT	M	667	95264
i95265	5490bs	WT	M	668	95265
i95266	5490bs	WT	M	669	95266
i95267	5490bs	WT	M	670	95267
i95257	5490bs	WT	M	679	95257
i95258	5490bs	WT	M	680	95258
i95259	5490bs	WT	M	681	95259
i95256	5490bs	WT	M	682	95256
i96796	5490bt	WT	M	601	96796
i96797	5490bt	WT	M	602	96797
i96798	5490bt	WT	M	603	96798
i96799	5490bt	WT	M	604	96799
i96804	5490bt	WT	M	613	96804
i96805	5490bt	WT	M	614	96805
i96806	5490bt	WT	M	615	96806
i96807	5490bt	WT	M	616	96807
i96927	5490bu	WT	M	621	96927
i96928	5490bu	WT	M	622	96928
i96929	5490bu	WT	M	623	96929
i96936	5490bu	WT	M	625	96936
i96937	5490bu	WT	M	626	96937
i96938	5490bu	WT	M	627	96938
i96939	5490bu	WT	M	631	96939
i97034	5490bv	WT	M	633	97034
i97035	5490bv	WT	M	634	97035
i97022	5490bv	WT	M	637	97022
i97023	5490bv	WT	M	638	97023
i97024	5490bv	WT	M	639	97024
i97025	5490bv	WT	M	640	97025
i97031	5490bv	WT	M	646	97031
i97032	5490bv	WT	M	647	97032
i96867	5490bw	WT	M	648	96867
i96868	5490bw	WT	M	649	96868
i96869	5490bw	WT	M	650	96869
i96870	5490bw	WT	M	651	96870
i96879	5490bw	WT	M	656	96879
i96880	5490bw	WT	M	657	96880
i96881	5490bw	WT	M	658	96881
i96882	5490bw	WT	M	659	96882
i97305	5490bx	WT	M	664	97305
i97306	5490bx	WT	M	665	97306
i97303	5490bx	WT	M	666	97303
i97304	5490bx	WT	M	667	97304
i97311	5490bx	WT	M	668	97311
i97312	5490bx	WT	M	669	97312
i97313	5490bx	WT	M	670	97313
i97314	5490bx	WT	M	671	97314
i97635	5490by	WT	M	680	97635
i97636	5490by	WT	M	681	97636
i97637	5490by	WT	M	682	97637
i97638	5490by	WT	M	683	97638
i97643	5490by	WT	M	684	97643
i97644	5490by	WT	M	685	97644
i97645	5490by	WT	M	686	97645
i97646	5490by	WT	M	687	97646
i98170	5490bz	WT	M	600	98170
i98171	5490bz	WT	M	601	98171
i98172	5490bz	WT	M	602	98172
i98166	5490bz	WT	M	610	98166
i98167	5490bz	WT	M	611	98167
i98168	5490bz	WT	M	612	98168
i98169	5490bz	WT	M	613	98169
i98616	5490ca	WT	M	614	98616
i98621	5490ca	WT	M	619	98621
i98622	5490ca	WT	M	620	98622
i98623	5490ca	WT	M	621	98623
i98624	5490ca	WT	M	622	98624
i98625	5490ca	WT	M	623	98625
i98629	5490ca	WT	M	628	98629
i98726	5490cb	WT	M	629	98726
i98719	5490cb	WT	M	630	98719
i98725	5490cb	WT	M	631	98725
i98723	5490cb	WT	M	632	98723
i98724	5490cb	WT	M	633	98724
i98720	5490cb	WT	M	634	98720
i98721	5490cb	WT	M	635	98721
i98722	5490cb	WT	M	636	98722
i99003	5490cc	WT	M	639	99003
i99004	5490cc	WT	M	640	99004
i99007	5490cc	WT	M	643	99007
i99008	5490cc	WT	M	644	99008
i99013	5490cc	WT	M	649	99013
i99014	5490cc	WT	M	650	99014
i99015	5490cc	WT	M	651	99015
i99016	5490cc	WT	M	652	99016
i99131	5490cd	WT	M	653	99131
i99132	5490cd	WT	M	654	99132
i99133	5490cd	WT	M	655	99133
i99138	5490cd	WT	M	660	99138
i99139	5490cd	WT	M	665	99139
i99140	5490cd	WT	M	666	99140
i99141	5490cd	WT	M	667	99141
i99142	5490cd	WT	M	668	99142
i99338	5490ce	WT	M	673	99338
i99339	5490ce	WT	M	674	99339
i99340	5490ce	WT	M	675	99340
i99328	5490ce	WT	M	676	99328
i99333	5490ce	WT	M	681	99333
i99334	5490ce	WT	M	682	99334
i99335	5490ce	WT	M	683	99335
i99336	5490ce	WT	M	684	99336
i99518	5490cf	WT	M	689	99518
i99519	5490cf	WT	M	690	99519
i99520	5490cf	WT	M	691	99520
i99521	5490cf	WT	M	692	99521
i99530	5490cf	WT	M	697	99530
i99531	5490cf	WT	M	698	99531
i99532	5490cf	WT	M	699	99532
i99533	5490cf	WT	M	700	99533
i69534	5490d	WT	M	504	69534
i69535	5490d	WT	M	505	69535
i69536	5490d	WT	M	506	69536
i69537	5490d	WT	M	507	69537
i69538	5490d	WT	M	508	69538
i69539	5490d	WT	M	509	69539
i69540	5490d	WT	M	510	69540
i69541	5490d	WT	M	511	69541
i70215	5490e	WT	M	583	70215
i70216	5490e	WT	M	584	70216
i70217	5490e	WT	M	585	70217
i70218	5490e	WT	M	586	70218
i70220	5490e	WT	M	588	70220
i70221	5490e	WT	M	589	70221
i70222	5490e	WT	M	590	70222
i70223	5490e	WT	M	591	70223
i71082	5490g	WT	M	654	71082
i71077	5490g	WT	M	657	71077
i71078	5490g	WT	M	658	71078
i71079	5490g	WT	M	659	71079
i71088	5490g	WT	M	663	71088
i71072	5490g	WT	M	664	71072
i71073	5490g	WT	M	665	71073
i71074	5490g	WT	M	666	71074
i71238	5490h	WT	M	654	71238
i71245	5490h	WT	M	656	71245
i71246	5490h	WT	M	657	71246
i71247	5490h	WT	M	658	71247
i71248	5490h	WT	M	659	71248
i71235	5490h	WT	M	660	71235
i71236	5490h	WT	M	661	71236
i71237	5490h	WT	M	662	71237
i71781	5490i	WT	M	672	71781
i71782	5490i	WT	M	673	71782
i71783	5490i	WT	M	674	71783
i71784	5490i	WT	M	675	71784
i71785	5490i	WT	M	676	71785
i71786	5490i	WT	M	677	71786
i71795	5490i	WT	M	678	71795
i71796	5490i	WT	M	679	71796
i71798	5490i	WT	M	680	71798
i71835	5490j	WT	M	681	71835
i71836	5490j	WT	M	682	71836
i71837	5490j	WT	M	683	71837
i71838	5490j	WT	M	684	71838
i71845	5490j	WT	M	685	71845
i71846	5490j	WT	M	686	71846
i71839	5490j	WT	M	687	71839
i71840	5490j	WT	M	688	71840
i71961	5490k	WT	M	609	71961
i71962	5490k	WT	M	610	71962
i71963	5490k	WT	M	611	71963
i71964	5490k	WT	M	612	71964
i71970	5490k	WT	M	613	71970
i71971	5490k	WT	M	614	71971
i71972	5490k	WT	M	615	71972
i71965	5490k	WT	M	616	71965
i71942	5490l	WT	M	625	71942
i71943	5490l	WT	M	626	71943
i71944	5490l	WT	M	627	71944
i71945	5490l	WT	M	628	71945
i71946	5490l	WT	M	629	71946
i71947	5490l	WT	M	630	71947
i71948	5490l	WT	M	631	71948
i71949	5490l	WT	M	632	71949
i72155	5490m	WT	M	639	72155
i72156	5490m	WT	M	640	72156
i72157	5490m	WT	M	641	72157
i72158	5490m	WT	M	642	72158
i72159	5490m	WT	M	643	72159
i72163	5490m	WT	M	647	72163
i72164	5490m	WT	M	648	72164
i72165	5490m	WT	M	649	72165
i72744	5490n	WT	M	658	72744
i72745	5490n	WT	M	659	72745
i72746	5490n	WT	M	660	72746
i72747	5490n	WT	M	661	72747
i72748	5490n	WT	M	662	72748
i72749	5490n	WT	M	663	72749
i72739	5490n	WT	M	664	72739
i72740	5490n	WT	M	665	72740
i72847	5490o	WT	M	675	72847
i72848	5490o	WT	M	676	72848
i72849	5490o	WT	M	677	72849
i72850	5490o	WT	M	678	72850
i72840	5490o	WT	M	679	72840
i72841	5490o	WT	M	680	72841
i72842	5490o	WT	M	681	72842
i72843	5490o	WT	M	682	72843
i73083	5490p	WT	M	691	73083
i73084	5490p	WT	M	692	73084
i73085	5490p	WT	M	693	73085
i73086	5490p	WT	M	694	73086
i73087	5490p	WT	M	695	73087
i73088	5490p	WT	M	696	73088
i73089	5490p	WT	M	697	73089
i73090	5490p	WT	M	698	73090
i73183	5490q	WT	M	609	73183
i73184	5490q	WT	M	610	73184
i73185	5490q	WT	M	611	73185
i73187	5490q	WT	M	615	73187
i73188	5490q	WT	M	616	73188
i73189	5490q	WT	M	617	73189
i73190	5490q	WT	M	618	73190
i73176	5490q	WT	M	622	73176
i73177	5490q	WT	M	623	73177
i73178	5490q	WT	M	624	73178
i74074	5490s	WT	M	687	74074
i74075	5490s	WT	M	688	74075
i74076	5490s	WT	M	689	74076
i74077	5490s	WT	M	690	74077
i74078	5490s	WT	M	691	74078
i74081	5490s	WT	M	692	74081
i74082	5490s	WT	M	693	74082
i74083	5490s	WT	M	694	74083
i74287	5490t	WT	M	601	74287
i74288	5490t	WT	M	602	74288
i74289	5490t	WT	M	603	74289
i74290	5490t	WT	M	604	74290
i74283	5490t	WT	M	605	74283
i74284	5490t	WT	M	606	74284
i74285	5490t	WT	M	607	74285
i74286	5490t	WT	M	608	74286
i74490	5490u	WT	M	641	74490
i74491	5490u	WT	M	642	74491
i74492	5490u	WT	M	643	74492
i74493	5490u	WT	M	644	74493
i74498	5490u	WT	M	645	74498
i74499	5490u	WT	M	646	74499
i74500	5490u	WT	M	647	74500
i74501	5490u	WT	M	648	74501
i74657	5490v	WT	M	653	74657
i74658	5490v	WT	M	654	74658
i74659	5490v	WT	M	655	74659
i74660	5490v	WT	M	656	74660
i74669	5490v	WT	M	661	74669
i74670	5490v	WT	M	662	74670
i74671	5490v	WT	M	663	74671
i74672	5490v	WT	M	664	74672
i74761	5490w	WT	M	672	74761
i74762	5490w	WT	M	673	74762
i74763	5490w	WT	M	674	74763
i74765	5490w	WT	M	676	74765
i74766	5490w	WT	M	677	74766
i74767	5490w	WT	M	678	74767
i74768	5490w	WT	M	679	74768
i74769	5490w	WT	M	680	74769
i74873	5490x	WT	M	681	74873
i74874	5490x	WT	M	682	74874
i74877	5490x	WT	M	683	74877
i74878	5490x	WT	M	684	74878
i74879	5490x	WT	M	685	74879
i74880	5490x	WT	M	686	74880
i74875	5490x	WT	M	687	74875
i74876	5490x	WT	M	688	74876
i75500	5490y	WT	M	689	75500
i75501	5490y	WT	M	690	75501
i75502	5490y	WT	M	691	75502
i75503	5490y	WT	M	692	75503
i75508	5490y	WT	M	693	75508
i75509	5490y	WT	M	694	75509
i75510	5490y	WT	M	695	75510
i75511	5490y	WT	M	696	75511
i75848	5490aa	WT	F	638	75848
i75849	5490aa	WT	F	639	75849
i75850	5490aa	WT	F	640	75850
i75859	5490aa	WT	F	644	75859
i75860	5490aa	WT	F	645	75860
i75861	5490aa	WT	F	646	75861
i75862	5490aa	WT	F	647	75862
i75863	5490aa	WT	F	648	75863
i75995	5490ab	WT	F	654	75995
i75996	5490ab	WT	F	655	75996
i75997	5490ab	WT	F	656	75997
i75998	5490ab	WT	F	657	75998
i76007	5490ab	WT	F	666	76007
i76008	5490ab	WT	F	667	76008
i76009	5490ab	WT	F	668	76009
i76010	5490ab	WT	F	669	76010
i77018	5490ac	WT	F	652	77018
i77013	5490ac	WT	F	653	77013
i77014	5490ac	WT	F	654	77014
i77007	5490ac	WT	F	655	77007
i77008	5490ac	WT	F	656	77008
i77009	5490ac	WT	F	657	77009
i77010	5490ac	WT	F	658	77010
i77017	5490ac	WT	F	659	77017
i76971	5490ad	WT	F	676	76971
i76972	5490ad	WT	F	677	76972
i76973	5490ad	WT	F	678	76973
i76974	5490ad	WT	F	679	76974
i76975	5490ad	WT	F	680	76975
i76976	5490ad	WT	F	681	76976
i76977	5490ad	WT	F	682	76977
i76978	5490ad	WT	F	683	76978
i77455	5490ae	WT	F	692	77455
i77456	5490ae	WT	F	693	77456
i77457	5490ae	WT	F	694	77457
i77458	5490ae	WT	F	695	77458
i77459	5490ae	WT	F	696	77459
i77460	5490ae	WT	F	697	77460
i77461	5490ae	WT	F	698	77461
i77462	5490ae	WT	F	699	77462
i77537	5490af	WT	F	604	77537
i77538	5490af	WT	F	605	77538
i77539	5490af	WT	F	606	77539
i77540	5490af	WT	F	615	77540
i77541	5490af	WT	F	616	77541
i77542	5490af	WT	F	617	77542
i77543	5490af	WT	F	618	77543
i77549	5490af	WT	F	619	77549
i77674	5490ag	WT	F	631	77674
i77675	5490ag	WT	F	632	77675
i77677	5490ag	WT	F	634	77677
i77678	5490ag	WT	F	635	77678
i77679	5490ag	WT	F	636	77679
i77680	5490ag	WT	F	637	77680
i77681	5490ag	WT	F	638	77681
i78561	5490ah	WT	F	692	78561
i78562	5490ah	WT	F	693	78562
i78563	5490ah	WT	F	694	78563
i78572	5490ah	WT	F	695	78572
i78573	5490ah	WT	F	696	78573
i78574	5490ah	WT	F	697	78574
i78575	5490ah	WT	F	698	78575
i78571	5490ah	WT	F	699	78571
i78826	5490ai	WT	F	611	78826
i78827	5490ai	WT	F	612	78827
i78828	5490ai	WT	F	613	78828
i78833	5490ai	WT	F	614	78833
i78834	5490ai	WT	F	615	78834
i78835	5490ai	WT	F	616	78835
i78836	5490ai	WT	F	617	78836
i78825	5490ai	WT	F	618	78825
i79226	5490aj	WT	F	603	79226
i79227	5490aj	WT	F	604	79227
i79228	5490aj	WT	F	605	79228
i79229	5490aj	WT	F	606	79229
i79230	5490aj	WT	F	607	79230
i79236	5490aj	WT	F	613	79236
i79237	5490aj	WT	F	614	79237
i80245	5490an	WT	F	660	80245
i80246	5490an	WT	F	661	80246
i80247	5490an	WT	F	662	80247
i80248	5490an	WT	F	663	80248
i80252	5490an	WT	F	664	80252
i80253	5490an	WT	F	665	80253
i80241	5490an	WT	F	666	80241
i80242	5490an	WT	F	667	80242
i80778	5490ao	WT	F	676	80778
i80779	5490ao	WT	F	677	80779
i80780	5490ao	WT	F	678	80780
i80781	5490ao	WT	F	679	80781
i80771	5490ao	WT	F	680	80771
i80772	5490ao	WT	F	681	80772
i80773	5490ao	WT	F	682	80773
i80774	5490ao	WT	F	683	80774
i80884	5490ap	WT	F	684	80884
i80885	5490ap	WT	F	685	80885
i80886	5490ap	WT	F	686	80886
i80887	5490ap	WT	F	687	80887
i80888	5490ap	WT	F	688	80888
i80896	5490ap	WT	F	696	80896
i80897	5490ap	WT	F	697	80897
i80918	5490aq	WT	F	609	80918
i80919	5490aq	WT	F	610	80919
i80920	5490aq	WT	F	611	80920
i80921	5490aq	WT	F	612	80921
i80906	5490aq	WT	F	613	80906
i80907	5490aq	WT	F	614	80907
i80908	5490aq	WT	F	615	80908
i80909	5490aq	WT	F	616	80909
i81150	5490ar	WT	F	617	81150
i81151	5490ar	WT	F	618	81151
i81152	5490ar	WT	F	619	81152
i81153	5490ar	WT	F	620	81153
i81154	5490ar	WT	F	625	81154
i81155	5490ar	WT	F	626	81155
i81156	5490ar	WT	F	627	81156
i81157	5490ar	WT	F	628	81157
i81475	5490as	WT	F	640	81475
i81476	5490as	WT	F	641	81476
i81477	5490as	WT	F	642	81477
i81478	5490as	WT	F	643	81478
i81482	5490as	WT	F	644	81482
i81485	5490as	WT	F	645	81485
i81486	5490as	WT	F	646	81486
i81487	5490as	WT	F	647	81487
i82346	5490at	WT	F	608	82346
i82347	5490at	WT	F	609	82347
i82348	5490at	WT	F	610	82348
i82356	5490at	WT	F	614	82356
i82357	5490at	WT	F	615	82357
i82358	5490at	WT	F	616	82358
i82352	5490at	WT	F	620	82352
i82353	5490at	WT	F	621	82353
i82534	5490av	WT	F	662	82534
i82535	5490av	WT	F	663	82535
i82536	5490av	WT	F	664	82536
i82537	5490av	WT	F	665	82537
i82527	5490av	WT	F	678	82527
i82528	5490av	WT	F	679	82528
i82529	5490av	WT	F	680	82529
i82532	5490av	WT	F	681	82532
i83321	5490aw	WT	F	678	83321
i83322	5490aw	WT	F	679	83322
i83330	5490aw	WT	F	683	83330
i83331	5490aw	WT	F	684	83331
i83323	5490aw	WT	F	686	83323
i83324	5490aw	WT	F	687	83324
i83336	5490aw	WT	F	689	83336
i83334	5490aw	WT	F	691	83334
i83894	5490ax	WT	F	678	83894
i83895	5490ax	WT	F	679	83895
i83896	5490ax	WT	F	680	83896
i83897	5490ax	WT	F	681	83897
i83898	5490ax	WT	F	690	83898
i83899	5490ax	WT	F	691	83899
i83900	5490ax	WT	F	692	83900
i83901	5490ax	WT	F	693	83901
i83953	5490ay	WT	F	679	83953
i83954	5490ay	WT	F	680	83954
i83955	5490ay	WT	F	681	83955
i83956	5490ay	WT	F	682	83956
i83948	5490ay	WT	F	686	83948
i83949	5490ay	WT	F	687	83949
i83950	5490ay	WT	F	688	83950
i83951	5490ay	WT	F	689	83951
i84206	5490az	WT	F	615	84206
i84207	5490az	WT	F	616	84207
i84208	5490az	WT	F	617	84208
i84209	5490az	WT	F	618	84209
i84196	5490az	WT	F	694	84196
i84197	5490az	WT	F	695	84197
i84198	5490az	WT	F	696	84198
i84199	5490az	WT	F	697	84199
i84323	5490ba	WT	F	619	84323
i84324	5490ba	WT	F	620	84324
i84325	5490ba	WT	F	621	84325
i84326	5490ba	WT	F	622	84326
i84327	5490ba	WT	F	623	84327
i84328	5490ba	WT	F	624	84328
i84329	5490ba	WT	F	625	84329
i84330	5490ba	WT	F	626	84330
i85347	5490bb	WT	F	643	85347
i85348	5490bb	WT	F	644	85348
i85351	5490bb	WT	F	645	85351
i85352	5490bb	WT	F	646	85352
i85353	5490bb	WT	F	647	85353
i85354	5490bb	WT	F	648	85354
i85349	5490bb	WT	F	649	85349
i85350	5490bb	WT	F	650	85350
i85455	5490bd	WT	F	655	85455
i85456	5490bd	WT	F	656	85456
i85457	5490bd	WT	F	657	85457
i85458	5490bd	WT	F	658	85458
i85459	5490bd	WT	F	663	85459
i85460	5490bd	WT	F	664	85460
i85461	5490bd	WT	F	665	85461
i85462	5490bd	WT	F	666	85462
i86438	5490be	WT	F	669	86438
i86439	5490be	WT	F	670	86439
i86440	5490be	WT	F	671	86440
i86441	5490be	WT	F	672	86441
i86446	5490be	WT	F	683	86446
i86447	5490be	WT	F	684	86447
i86448	5490be	WT	F	685	86448
i86449	5490be	WT	F	686	86449
i87219	5490bg	WT	F	602	87219
i87220	5490bg	WT	F	603	87220
i87221	5490bg	WT	F	604	87221
i87222	5490bg	WT	F	605	87222
i87223	5490bg	WT	F	606	87223
i87224	5490bg	WT	F	610	87224
i87225	5490bg	WT	F	611	87225
i87226	5490bg	WT	F	612	87226
i87925	5490bh	WT	F	621	87925
i87926	5490bh	WT	F	622	87926
i87927	5490bh	WT	F	623	87927
i87928	5490bh	WT	F	624	87928
i87917	5490bh	WT	F	625	87917
i87918	5490bh	WT	F	626	87918
i87919	5490bh	WT	F	627	87919
i87920	5490bh	WT	F	628	87920
i88135	5490bi	WT	F	637	88135
i88136	5490bi	WT	F	638	88136
i88137	5490bi	WT	F	639	88137
i88138	5490bi	WT	F	640	88138
i88139	5490bi	WT	F	641	88139
i88140	5490bi	WT	F	642	88140
i88141	5490bi	WT	F	643	88141
i88142	5490bi	WT	F	644	88142
i90387	5490bj	WT	F	653	90387
i90388	5490bj	WT	F	654	90388
i90389	5490bj	WT	F	655	90389
i90390	5490bj	WT	F	656	90390
i90383	5490bj	WT	F	657	90383
i90384	5490bj	WT	F	658	90384
i90385	5490bj	WT	F	659	90385
i90386	5490bj	WT	F	660	90386
i90580	5490bk	WT	F	669	90580
i90581	5490bk	WT	F	670	90581
i90582	5490bk	WT	F	671	90582
i90590	5490bk	WT	F	672	90590
i90583	5490bk	WT	F	673	90583
i90584	5490bk	WT	F	674	90584
i90591	5490bk	WT	F	675	90591
i90592	5490bk	WT	F	676	90592
i91336	5490bl	WT	F	677	91336
i91337	5490bl	WT	F	678	91337
i91338	5490bl	WT	F	679	91338
i91339	5490bl	WT	F	680	91339
i91343	5490bl	WT	F	685	91343
i91344	5490bl	WT	F	686	91344
i91345	5490bl	WT	F	687	91345
i91346	5490bl	WT	F	688	91346
i91589	5490bm	WT	F	605	91589
i91590	5490bm	WT	F	606	91590
i91591	5490bm	WT	F	607	91591
i91592	5490bm	WT	F	608	91592
i91580	5490bm	WT	F	693	91580
i91581	5490bm	WT	F	694	91581
i91582	5490bm	WT	F	695	91582
i91583	5490bm	WT	F	696	91583
i92031	5490bn	WT	F	601	92031
i92032	5490bn	WT	F	602	92032
i92033	5490bn	WT	F	603	92033
i92034	5490bn	WT	F	604	92034
i92039	5490bn	WT	F	605	92039
i92040	5490bn	WT	F	606	92040
i92041	5490bn	WT	F	607	92041
i92042	5490bn	WT	F	608	92042
i93299	5490bp	WT	F	616	93299
i93300	5490bp	WT	F	617	93300
i93301	5490bp	WT	F	620	93301
i93302	5490bp	WT	F	621	93302
i93303	5490bp	WT	F	622	93303
i93304	5490bp	WT	F	623	93304
i93297	5490bp	WT	F	632	93297
i93298	5490bp	WT	F	633	93298
i94530	5490bq	WT	F	635	94530
i94531	5490bq	WT	F	636	94531
i94534	5490bq	WT	F	637	94534
i94535	5490bq	WT	F	638	94535
i94539	5490bq	WT	F	639	94539
i94540	5490bq	WT	F	640	94540
i94541	5490bq	WT	F	641	94541
i94542	5490bq	WT	F	642	94542
i94730	5490br	WT	F	659	94730
i94731	5490br	WT	F	660	94731
i94732	5490br	WT	F	661	94732
i94733	5490br	WT	F	662	94733
i94738	5490br	WT	F	663	94738
i94739	5490br	WT	F	664	94739
i94740	5490br	WT	F	665	94740
i94741	5490br	WT	F	666	94741
i95260	5490bs	WT	F	675	95260
i95261	5490bs	WT	F	676	95261
i95268	5490bs	WT	F	677	95268
i95269	5490bs	WT	F	678	95269
i95262	5490bs	WT	F	683	95262
i95263	5490bs	WT	F	684	95263
i95270	5490bs	WT	F	685	95270
i95271	5490bs	WT	F	686	95271
i96800	5490bt	WT	F	605	96800
i96801	5490bt	WT	F	606	96801
i96802	5490bt	WT	F	607	96802
i96803	5490bt	WT	F	608	96803
i96808	5490bt	WT	F	609	96808
i96809	5490bt	WT	F	610	96809
i96811	5490bt	WT	F	611	96811
i96810	5490bt	WT	F	612	96810
i96933	5490bu	WT	F	617	96933
i96934	5490bu	WT	F	618	96934
i96935	5490bu	WT	F	619	96935
i96940	5490bu	WT	F	620	96940
i96930	5490bu	WT	F	628	96930
i96931	5490bu	WT	F	629	96931
i96932	5490bu	WT	F	630	96932
i97033	5490bv	WT	F	632	97033
i97020	5490bv	WT	F	635	97020
i97021	5490bv	WT	F	636	97021
i97026	5490bv	WT	F	641	97026
i97027	5490bv	WT	F	642	97027
i97028	5490bv	WT	F	643	97028
i97029	5490bv	WT	F	644	97029
i97030	5490bv	WT	F	645	97030
i96871	5490bw	WT	F	652	96871
i96872	5490bw	WT	F	653	96872
i96873	5490bw	WT	F	654	96873
i96874	5490bw	WT	F	655	96874
i96875	5490bw	WT	F	660	96875
i96876	5490bw	WT	F	661	96876
i96877	5490bw	WT	F	662	96877
i96878	5490bw	WT	F	663	96878
i97299	5490bx	WT	F	672	97299
i97300	5490bx	WT	F	673	97300
i97301	5490bx	WT	F	674	97301
i97302	5490bx	WT	F	675	97302
i97307	5490bx	WT	F	676	97307
i97308	5490bx	WT	F	677	97308
i97309	5490bx	WT	F	678	97309
i97310	5490bx	WT	F	679	97310
i97631	5490by	WT	F	688	97631
i97632	5490by	WT	F	689	97632
i97633	5490by	WT	F	690	97633
i97634	5490by	WT	F	691	97634
i97639	5490by	WT	F	692	97639
i97640	5490by	WT	F	693	97640
i97641	5490by	WT	F	694	97641
i97642	5490by	WT	F	695	97642
i98159	5490bz	WT	F	603	98159
i98160	5490bz	WT	F	604	98160
i98161	5490bz	WT	F	605	98161
i98162	5490bz	WT	F	606	98162
i98163	5490bz	WT	F	607	98163
i98164	5490bz	WT	F	608	98164
i98165	5490bz	WT	F	609	98165
i98617	5490ca	WT	F	615	98617
i98618	5490ca	WT	F	616	98618
i98619	5490ca	WT	F	617	98619
i98620	5490ca	WT	F	618	98620
i98626	5490ca	WT	F	624	98626
i98627	5490ca	WT	F	625	98627
i98628	5490ca	WT	F	626	98628
i99001	5490cc	WT	F	637	99001
i99002	5490cc	WT	F	638	99002
i99005	5490cc	WT	F	641	99005
i99006	5490cc	WT	F	642	99006
i99009	5490cc	WT	F	645	99009
i99010	5490cc	WT	F	646	99010
i99011	5490cc	WT	F	647	99011
i99012	5490cc	WT	F	648	99012
i99134	5490cd	WT	F	656	99134
i99135	5490cd	WT	F	657	99135
i99136	5490cd	WT	F	658	99136
i99137	5490cd	WT	F	659	99137
i99143	5490cd	WT	F	661	99143
i99144	5490cd	WT	F	662	99144
i99145	5490cd	WT	F	663	99145
i99146	5490cd	WT	F	664	99146
i99341	5490ce	WT	F	669	99341
i99342	5490ce	WT	F	670	99342
i99343	5490ce	WT	F	671	99343
i99337	5490ce	WT	F	672	99337
i99329	5490ce	WT	F	677	99329
i99330	5490ce	WT	F	678	99330
i99331	5490ce	WT	F	679	99331
i99332	5490ce	WT	F	680	99332
i99522	5490cf	WT	F	685	99522
i99523	5490cf	WT	F	686	99523
i99524	5490cf	WT	F	687	99524
i99525	5490cf	WT	F	688	99525
i99526	5490cf	WT	F	693	99526
i99527	5490cf	WT	F	694	99527
i99528	5490cf	WT	F	695	99528
i99529	5490cf	WT	F	696	99529
i69530	5490d	WT	F	500	69530
i69531	5490d	WT	F	501	69531
i69532	5490d	WT	F	502	69532
i69533	5490d	WT	F	503	69533
i69542	5490d	WT	F	512	69542
i69543	5490d	WT	F	513	69543
i69544	5490d	WT	F	514	69544
i69545	5490d	WT	F	515	69545
i70211	5490e	WT	F	579	70211
i70212	5490e	WT	F	580	70212
i70213	5490e	WT	F	581	70213
i70214	5490e	WT	F	582	70214
i70219	5490e	WT	F	587	70219
i70224	5490e	WT	F	592	70224
i70225	5490e	WT	F	593	70225
i70226	5490e	WT	F	594	70226
i71089	5490g	WT	F	648	71089
i71069	5490g	WT	F	649	71069
i71070	5490g	WT	F	650	71070
i71071	5490g	WT	F	651	71071
i71080	5490g	WT	F	652	71080
i71081	5490g	WT	F	653	71081
i71075	5490g	WT	F	655	71075
i71076	5490g	WT	F	656	71076
i71239	5490h	WT	F	647	71239
i71240	5490h	WT	F	648	71240
i71241	5490h	WT	F	649	71241
i71242	5490h	WT	F	650	71242
i71243	5490h	WT	F	651	71243
i71244	5490h	WT	F	652	71244
i71233	5490h	WT	F	653	71233
i71234	5490h	WT	F	655	71234
i71789	5490i	WT	F	663	71789
i71790	5490i	WT	F	664	71790
i71791	5490i	WT	F	665	71791
i71792	5490i	WT	F	666	71792
i71793	5490i	WT	F	667	71793
i71794	5490i	WT	F	668	71794
i71787	5490i	WT	F	669	71787
i71788	5490i	WT	F	670	71788
i71797	5490i	WT	F	671	71797
i71833	5490j	WT	F	689	71833
i71834	5490j	WT	F	690	71834
i71847	5490j	WT	F	691	71847
i71848	5490j	WT	F	692	71848
i71841	5490j	WT	F	693	71841
i71842	5490j	WT	F	694	71842
i71843	5490j	WT	F	695	71843
i71844	5490j	WT	F	696	71844
i71957	5490k	WT	F	601	71957
i71958	5490k	WT	F	602	71958
i71959	5490k	WT	F	603	71959
i71960	5490k	WT	F	604	71960
i71966	5490k	WT	F	605	71966
i71967	5490k	WT	F	606	71967
i71968	5490k	WT	F	607	71968
i71969	5490k	WT	F	608	71969
i72150	5490m	WT	F	634	72150
i72151	5490m	WT	F	635	72151
i72152	5490m	WT	F	636	72152
i72153	5490m	WT	F	637	72153
i72154	5490m	WT	F	638	72154
i72160	5490m	WT	F	644	72160
i72161	5490m	WT	F	645	72161
i72162	5490m	WT	F	646	72162
i72741	5490n	WT	F	650	72741
i72742	5490n	WT	F	651	72742
i72743	5490n	WT	F	652	72743
i72734	5490n	WT	F	653	72734
i72735	5490n	WT	F	654	72735
i72736	5490n	WT	F	655	72736
i72737	5490n	WT	F	656	72737
i72738	5490n	WT	F	657	72738
i72844	5490o	WT	F	667	72844
i72845	5490o	WT	F	668	72845
i72846	5490o	WT	F	669	72846
i72851	5490o	WT	F	670	72851
i72852	5490o	WT	F	671	72852
i72853	5490o	WT	F	672	72853
i72854	5490o	WT	F	673	72854
i72855	5490o	WT	F	674	72855
i73075	5490p	WT	F	683	73075
i73076	5490p	WT	F	684	73076
i73077	5490p	WT	F	685	73077
i73078	5490p	WT	F	686	73078
i73079	5490p	WT	F	687	73079
i73080	5490p	WT	F	688	73080
i73081	5490p	WT	F	689	73081
i73082	5490p	WT	F	690	73082
i73179	5490q	WT	F	601	73179
i73180	5490q	WT	F	602	73180
i73181	5490q	WT	F	603	73181
i73182	5490q	WT	F	604	73182
i73186	5490q	WT	F	607	73186
i73173	5490q	WT	F	619	73173
i73174	5490q	WT	F	620	73174
i73175	5490q	WT	F	621	73175
i74068	5490s	WT	F	679	74068
i74069	5490s	WT	F	680	74069
i74070	5490s	WT	F	681	74070
i74071	5490s	WT	F	682	74071
i74072	5490s	WT	F	683	74072
i74073	5490s	WT	F	684	74073
i74079	5490s	WT	F	685	74079
i74080	5490s	WT	F	686	74080
i74279	5490t	WT	F	609	74279
i74280	5490t	WT	F	610	74280
i74281	5490t	WT	F	611	74281
i74282	5490t	WT	F	612	74282
i74291	5490t	WT	F	613	74291
i74292	5490t	WT	F	614	74292
i74293	5490t	WT	F	615	74293
i74294	5490t	WT	F	616	74294
i74486	5490u	WT	F	633	74486
i74487	5490u	WT	F	634	74487
i74488	5490u	WT	F	635	74488
i74489	5490u	WT	F	636	74489
i74494	5490u	WT	F	637	74494
i74495	5490u	WT	F	638	74495
i74496	5490u	WT	F	639	74496
i74497	5490u	WT	F	640	74497
i74661	5490v	WT	F	649	74661
i74662	5490v	WT	F	650	74662
i74663	5490v	WT	F	651	74663
i74664	5490v	WT	F	652	74664
i74665	5490v	WT	F	657	74665
i74666	5490v	WT	F	658	74666
i74667	5490v	WT	F	659	74667
i74668	5490v	WT	F	660	74668
i74754	5490w	WT	F	665	74754
i74755	5490w	WT	F	666	74755
i74756	5490w	WT	F	667	74756
i74757	5490w	WT	F	668	74757
i74758	5490w	WT	F	669	74758
i74759	5490w	WT	F	670	74759
i74760	5490w	WT	F	671	74760
i74764	5490w	WT	F	675	74764
i75496	5490y	WT	F	607	75496
i75497	5490y	WT	F	608	75497
i75498	5490y	WT	F	609	75498
i75499	5490y	WT	F	610	75499
i75504	5490y	WT	F	611	75504
i75505	5490y	WT	F	612	75505
i75506	5490y	WT	F	613	75506
i75507	5490y	WT	F	614	75507
i75795	5490z	WT	F	630	75795
i75796	5490z	WT	F	631	75796
i75797	5490z	WT	F	632	75797
i75798	5490z	WT	F	633	75798
i75799	5490z	WT	F	634	75799
i75808	5490z	WT	F	635	75808
i75809	5490z	WT	F	636	75809
i75810	5490z	WT	F	637	75810
i93326	7021a	MX2	F	501	93326
i93327	7021a	MX2	M	502	93327
i93328	7021a	MX2	M	503	93328
i93329	7021a	MX2	M	504	93329
i93330	7021a	MX2	M	505	93330
i93331	7021a	MX2	M	506	93331
i93332	7021a	MX2	F	508	93332
i93333	7021a	MX2	F	509	93333
i93334	7021a	MX2	M	513	93334
i93335	7021a	MX2	F	517	93335
i93336	7021a	MX2	F	518	93336
i93337	7021a	MX2	F	521	93337
i93340	7021a	MX2	M	527	93340
i93341	7021a	MX2	M	528	93341
i93338	7021a	MX2	F	529	93338
i93339	7021a	MX2	F	531	93339
i93311	7020a	LAT	F	817	93311
i93312	7020a	LAT	F	818	93312
i93313	7020a	LAT	F	819	93313
i93314	7020a	LAT	M	824	93314
i93315	7020a	LAT	M	825	93315
i93316	7020a	LAT	M	826	93316
i93317	7020a	LAT	M	827	93317
i93318	7020a	LAT	F	836	93318
i93319	7020a	LAT	F	841	93319
i93320	7020a	LAT	M	842	93320
i93321	7020a	LAT	M	848	93321
i93322	7020a	LAT	M	849	93322
i93323	7020a	LAT	F	854	93323
i93324	7020a	LAT	M	859	93324
i93325	7020a	LAT	F	862	93325
