variableMetadata	category	measurement	category_full	transformation	limma2ways_WT.LAT_diff	limma2ways_WT.LAT_BH	limma2ways_WT.LAT_signif	limma2ways_M.F_diff_LAT	limma2ways_M.F_BH_LAT	limma2ways_M.F_signif_LAT	limma2ways_WT.MX2_diff	limma2ways_WT.MX2_BH	limma2ways_WT.MX2_signif	limma2ways_M.F_diff_MX2	limma2ways_M.F_BH_MX2	limma2ways_M.F_signif_MX2	OPLSDA_VIP-pred_LAT	OPLSDA_VIP-pred_MX2
Anapath_..A2.heart	Anapath	% A2 heart	Anapath	inverse	-0.0177435897435898	0.981339142474418	0	0.0157142857142858	0.908546857212262	0	-0.0332380952380953	0.954809836328655	0	0.0212019230769231	0.765052448189324	0	0.975186047795572	0.893402705926314
Anapath_A2.heart..g.	Anapath	A2 heart (g)	Anapath	inverse	-0.00287179487179487	0.987277509725913	0	-0.0228571428571429	0.837629105121074	0	-0.00633333333333333	0.966558319854165	0	-0.0240384615384615	0.710321718710625	0	0.568258569606476	0.0543251671448773
Anapath_A2.heart..mg...mg.	Anapath	A2 heart (mg) (mg)	Anapath	inverse	-2.96923076923076	0.981339142474418	0	-22.0714285714286	0.0227063893319131	1	-6.84285714285713	0.954809836328655	0	-23.3317307692308	0.0222584179731194	1	0.560939618518748	0.0745109171373559
Anapath_body.weight..g.	Anapath	body weight (g)	Anapath	normal	0.253892307692308	0.987277509725913	0	-4.22092857142857	2.4395392795551e-06	1	0.120414285714286	0.954809836328655	0	-4.67233173076923	2.45841653920979e-07	1	0.176039230658241	0.650633227552925
Auditory.and.PPI_..PP70	Auditory and PPI	% PP70	Auditory startle reflex reactivity and PPI - P1	non parametric	-4.40230769230769	0.981339142474418	0	8.27928571428571	0.513074312954528	0	2.34571428571429	0.966558319854165	0	6.53913461538461	0.577450712057764	0	0.274525569100817	0.495457109499318
Auditory.and.PPI_..PP75	Auditory and PPI	% PP75	Auditory startle reflex reactivity and PPI - P1	non parametric	-4.26205128205128	0.981339142474418	0	5.82428571428571	0.586607079457786	0	4.82047619047619	0.954809836328655	0	1.41365384615385	0.91250500375411	0	0.186453087525754	0.907702378656061
Auditory.and.PPI_..PP85	Auditory and PPI	% PP85	Auditory startle reflex reactivity and PPI - P1	non parametric	2.14564102564103	0.981339142474418	0	-3.77571428571429	0.706154749552683	0	13.2211904761905	0.166556592701757	0	0.655432692307684	0.992391884614813	0	0.187943011642377	2.2254092580143
Auditory.and.PPI_..PP90	Auditory and PPI	% PP90	Auditory startle reflex reactivity and PPI - P1	non parametric	4.94615384615385	0.959070678759224	0	-4.47285714285714	0.513074312954528	0	12.1764285714286	0.0145504531634146	1	-1.22586538461539	0.723849051339702	0	0.977322128092375	2.8452831363208
Auditory.and.PPI_BN..65.	Auditory and PPI	BN (65)	Auditory startle reflex reactivity and PPI - P1	log	1.67692307692308	0.959070678759224	0	0.828571428571429	0.724578959614314	0	3.49285714285714	0.696839524832967	0	1.35528846153846	0.707994537526564	0	1.03987859848266	1.44931093904649
Auditory.and.PPI_Body.weight..g.	Auditory and PPI	Body weight (g)	Auditory startle reflex reactivity and PPI - P1	normal	0.631282051282053	0.981339142474418	0	-4.75	3.55551794024239e-07	1	0.603809523809524	0.7033326661613	0	-4.84038461538461	2.45841653920979e-07	1	0.38270026290811	0.876310204690409
Auditory.and.PPI_Glb	Auditory and PPI	Glb	Auditory startle reflex reactivity and PPI - P1	normal	-0.392717948717952	0.987277509725913	0	1.46428571428572	0.837629105121074	0	8.13909523809523	0.696839524832967	0	1.84528846153847	0.826783225269251	0	0.0895462743392485	1.6019231617463
Auditory.and.PPI_P70	Auditory and PPI	P70	Auditory startle reflex reactivity and PPI - P1	log	-1.97538461538462	0.959070678759224	0	1.77142857142857	0.706154749552683	0	0.682857142857141	0.966558319854165	0	0.943269230769229	0.822823916626656	0	0.866460639262019	0.367268972656017
Auditory.and.PPI_P75	Auditory and PPI	P75	Auditory startle reflex reactivity and PPI - P1	log	0.756410256410263	0.981339142474418	0	3.73571428571429	0.726159488563879	0	3.00476190476191	0.954809836328655	0	5.21778846153846	0.579813270612014	0	0.19035981775731	0.707230071356521
Auditory.and.PPI_P85	Auditory and PPI	P85	Auditory startle reflex reactivity and PPI - P1	log	-9.23897435897436	0.981339142474418	0	-11.3428571428571	0.707899152067605	0	-9.51809523809524	0.954809836328655	0	-2.84807692307692	0.922001067026687	0	0.0494401040892433	0.216606514527583
Auditory.and.PPI_P90	Auditory and PPI	P90	Auditory startle reflex reactivity and PPI - P1	log	-0.470256410256411	0.981339142474418	0	-59.8785714285714	0.153393608262935	0	-19.0719047619048	0.954809836328655	0	-18.7355769230769	0.665225293510895	0	0.0362312226077179	0.343838496589916
Auditory.and.PPI_PP70	Auditory and PPI	PP70	Auditory startle reflex reactivity and PPI - P1	non parametric	77.0641025641027	0.981339142474418	0	-336.264285714286	0.0450927160563742	1	31.0119047619048	0.966558319854165	0	-432.923557692308	0.00660398011300847	1	0.293394849260741	0.360662651958732
Auditory.and.PPI_PP75	Auditory and PPI	PP75	Auditory startle reflex reactivity and PPI - P1	non parametric	57.4948717948718	0.981339142474418	0	-227.035714285714	0.0693314337596308	0	-21.3023809523809	0.966558319854165	0	-248.901442307692	0.0267455909589155	1	0.208423875667752	0.0378594352653725
Auditory.and.PPI_PP85	Auditory and PPI	PP85	Auditory startle reflex reactivity and PPI - P1	non parametric	22.214358974359	0.981339142474418	0	-105.571428571429	0.428786777864616	0	-80.0219047619048	0.7033326661613	0	-157.142788461538	0.0333927912671686	1	0.245183824579655	0.821062294917954
Auditory.and.PPI_PP90	Auditory and PPI	PP90	Auditory startle reflex reactivity and PPI - P1	non parametric	3.63538461538462	0.996806400617635	0	-67.4642857142857	0.428786777864616	0	-72.9371428571428	0.696839524832967	0	-104.609615384615	0.00993950490457696	1	0.0436648969478853	1.38842154718824
Auditory.and.PPI_ST110	Auditory and PPI	ST110	Auditory startle reflex reactivity and PPI - P1	log	82.1620512820513	0.981339142474418	0	-371.871428571429	0.0338085682525247	1	82.9538095238095	0.934434445779057	0	-573.307692307692	0.000261649816374629	1	0.390886438570124	0.763090827910422
Body_body.weight.w7..g.	Body	body weight w7 (g)	Body Weight	normal	0.645641025641027	0.981339142474418	0	-4.30714285714286	4.13966510043761e-07	1	0.860476190476192	0.696839524832967	0	-4.55817307692308	1.5906583026951e-07	1	0.306908129941322	1.1304019598438
Clinical.chemistry_ALAT..U.l.	Clinical chemistry	ALAT (U/l)	Clinical chemistry parameters	non parametric	-3.30769230769231	0.981339142474418	0	-12.5	0.379843027307777	0	3.54945054945055	0.954809836328655	0	-23.040404040404	0.0364027035987625	1	0.337186561060039	0.0347072463974482
Clinical.chemistry_ALP..U.l.	Clinical chemistry	ALP (U/l)	Clinical chemistry parameters	normal	-14.5384615384615	0.540040940360209	0	39.1538461538462	9.54843982544838e-07	1	-3.05494505494507	0.954809836328655	0	42.1833333333333	3.47563243569041e-06	1	1.37819123634762	0.81823343031906
Clinical.chemistry_ASAT..U.l.	Clinical chemistry	ASAT (U/l)	Clinical chemistry parameters	non parametric	-4.74038461538461	0.987277509725913	0	14.8727272727273	0.706154749552683	0	-5.04395604395604	0.966558319854165	0	15.4848484848485	0.606943175718863	0	0.4292929840123	0.0169917140829282
Clinical.chemistry_Albumin..g.l.	Clinical chemistry	Albumin (g/l)	Clinical chemistry parameters	non parametric	0.76923076923077	0.959070678759224	0	0.923076923076923	0.465153744590796	0	1.63736263736264	0.696839524832967	0	1.96666666666667	0.0647248765781198	0	0.842411965446704	0.936142846156166
Clinical.chemistry_Blood.Urea.Nitrogen.mg.dl..mg.dl.	Clinical chemistry	Blood Urea Nitrogen mg/dl (mg/dl)	Clinical chemistry parameters	log	-0.851958041958046	0.981339142474418	0	-0.604825174825173	0.766834326666242	0	0.0837012987012962	0.98857791723016	0	0.282884615384614	0.91250500375411	0	1.02468235068517	0.331973332970436
Clinical.chemistry_Glucose..mmol.l.	Clinical chemistry	Glucose (mmol/l)	Clinical chemistry parameters	normal	-1.66503496503496	0.959070678759224	0	1.91678321678322	0.242328552112344	0	-0.851298701298701	0.696839524832967	0	3.88653846153846	0.0012405801798561	1	1.60413061402327	0.394600435677211
Clinical.chemistry_HDL.Chol...mmol.l.	Clinical chemistry	HDL Chol. (mmol/l)	Clinical chemistry parameters	non parametric	-0.151748251748252	0.959070678759224	0	-0.291328671328671	0.0793133341195051	0	-0.114935064935065	0.7090378099012	0	-0.215705128205128	0.0262345437210933	1	1.34380511871992	1.22636626836676
Clinical.chemistry_Non.HDL.Chol...mmol.l.	Clinical chemistry	Non HDL Chol. (mmol/l)	Clinical chemistry parameters	normal	0.0378321678321679	0.981339142474418	0	0.131678321678322	0.430931233884518	0	0.0551948051948052	0.954809836328655	0	0.0785256410256411	0.418907617331364	0	0.41934055924049	0.276220885068136
Clinical.chemistry_P..mmol.l.	Clinical chemistry	P (mmol/l)	Clinical chemistry parameters	normal	-0.0574125874125875	0.981339142474418	0	0.698531468531469	0.00281567224333125	1	0.102532467532467	0.966558319854165	0	0.679038461538461	0.000161279774625514	1	0.731551825292843	0.219599704294353
Clinical.chemistry_T..Chol...mmol.l.	Clinical chemistry	T. Chol. (mmol/l)	Clinical chemistry parameters	normal	-0.069294871794872	0.981339142474418	0	-0.191923076923077	0.433466925817729	0	-0.0151190476190477	0.98857791723016	0	-0.168333333333333	0.211623867548845	0	0.480348291961797	0.204862836881632
Clinical.chemistry_T..bilirubin..µmol.l.	Clinical chemistry	T. bilirubin (µmol/l)	Clinical chemistry parameters	non parametric	1.72115384615385	0.278246252993913	0	0.698717948717949	0.464823793955645	0	1.98214285714286	0.166556592701757	0	-0.370238095238096	0.606943175718863	0	2.37090483581618	1.78126630001861
Clinical.chemistry_TG..mmol.l.	Clinical chemistry	TG (mmol/l)	Clinical chemistry parameters	normal	-0.0560839160839162	0.981339142474418	0	-0.0983216783216785	0.739718537827419	0	-0.156688311688312	0.934434445779057	0	-0.238525641025641	0.260404502727531	0	0.75086230506668	0.564731823862581
Clinical.chemistry_Urea..mmol.l.	Clinical chemistry	Urea (mmol/l)	Clinical chemistry parameters	log	-0.304195804195805	0.981339142474418	0	-0.216083916083917	0.768267801679906	0	0.0298701298701296	0.98857791723016	0	0.100641025641026	0.91250500375411	0	1.02533392819578	0.332085673048319
Dysmorphology_Body.weight..g.	Dysmorphology	Body weight (g)	Dysmorphology IMPC	normal	0.434358974358975	0.981339142474418	0	-4.57857142857143	1.16811182240797e-07	1	0.640952380952381	0.696839524832967	0	-4.57644230769231	2.45841653920979e-07	1	0.280401915436236	0.987696887563637
Dysmorphology_Loc..activity	Dysmorphology	Loc. activity	Dysmorphology IMPC	normal	-7.42051282051282	0.278246252993913	0	-1.07142857142857	0.73202317262079	0	-3.76666666666667	0.696839524832967	0	-2.39423076923077	0.529129216491503	0	1.984977333747	1.22313026002686
ECG_HR..bpm.	ECG	HR (bpm)	ECG in anaesthetized conditions	normal	-13.8871794871795	0.981339142474418	0	46.5714285714286	0.0450927160563742	1	3.90952380952382	0.973087716178859	0	50.3413461538461	0.0283396581409534	1	0.600562262728765	0.0323924711261
ECG_Number.of.signals	ECG	Number of signals	ECG in anaesthetized conditions	non parametric	-6.73846153846152	0.981339142474418	0	-28.1428571428571	0.428786777864616	0	31.3714285714286	0.696839524832967	0	-16.5240384615385	0.601276680212007	0	0.80345717331214	1.22528976893674
ECG_PR..ms.	ECG	PR (ms)	ECG in anaesthetized conditions	non parametric	-1.04358974358974	0.981339142474418	0	3.26428571428571	0.0914897086143988	0	-0.980952380952381	0.949907780612651	0	2.24615384615385	0.195607243806072	0	0.651451331029714	0.736613030608574
ECG_Pdur..ms.	ECG	Pdur (ms)	ECG in anaesthetized conditions	normal	-1.23179487179488	0.959070678759224	0	1.34285714285715	0.433466925817729	0	0.463809523809523	0.954809836328655	0	-0.400961538461537	0.785435668224214	0	0.947649404992874	0.142593550845914
ECG_QRS..ms.	ECG	QRS (ms)	ECG in anaesthetized conditions	inverse	-0.570769230769232	0.981339142474418	0	-0.335714285714285	0.770187784657249	0	-0.125714285714288	0.966558319854165	0	0.283173076923077	0.826783225269251	0	0.603372830516358	0.114733671989928
ECG_QT..ms.	ECG	QT (ms)	ECG in anaesthetized conditions	non parametric	2.28784615384615	0.959070678759224	0	-3.12214285714285	0.428786777864616	0	2.35542857142858	0.75975426552777	0	-1.55451923076923	0.591897905590393	0	0.978886219944996	1.32229912960365
ECG_QT.corrigé..ms.Corr.	ECG	QT corrigé (ms Corr)	ECG in anaesthetized conditions	non parametric	4.60215384615384	0.959070678759224	0	-1.91571428571429	0.837629105121074	0	7.65742857142857	0.696839524832967	0	3.14384615384616	0.723849051339702	0	0.914315443127124	1.53181651094451
ECG_RR..ms.	ECG	RR (ms)	ECG in anaesthetized conditions	normal	2.69333333333333	0.981339142474418	0	-14.9257142857143	0.0450927160563742	1	-2.86023809523809	0.966558319854165	0	-16.6685576923077	0.02781240233535	1	0.408094379705133	0.181115522525109
ECG_Ramp..mv.	ECG	Ramp (mv)	ECG in anaesthetized conditions	non parametric	-0.0935897435897436	0.959070678759224	0	0.0750000000000001	0.706154749552683	0	-0.180952380952381	0.696839524832967	0	-0.104423076923077	0.427952670255068	0	1.17348667251957	1.36959525560856
ECG_ST..ms.	ECG	ST (ms)	ECG in anaesthetized conditions	log	1.77466666666667	0.981339142474418	0	-2.92857142857143	0.439747186981854	0	1.68538095238095	0.934434445779057	0	-1.31245192307692	0.665225293510895	0	0.843233771331491	1.13614244085839
ECG_STE..mv.	ECG	STE (mv)	ECG in anaesthetized conditions	non parametric	0.0233333333333333	0.981339142474418	0	0.0221428571428571	0.837629105121074	0	0.0233333333333333	0.954809836328655	0	-0.00235576923076923	0.960669532291137	0	1.52412452989278	1.39566043407854
Echocardiography_Body.mass..g.	Echocardiography	Body mass (g)	Echocardiography using the Vevo light	normal	0.563076923076924	0.981339142474418	0	-4.78571428571428	1.20054639312781e-06	1	0.561428571428571	0.767841843714332	0	-4.44711538461538	1.92084130983229e-06	1	0.331448807381519	0.974825053082084
Echocardiography_EF....	Echocardiography	EF (%)	Echocardiography using the Vevo light	normal	3.20958974358975	0.681400557286737	0	1.68214285714286	0.470919358066675	0	3.08409523809524	0.696839524832967	0	2.46927884615385	0.418907617331364	0	1.57839904425456	1.22789663401966
Echocardiography_FS....	Echocardiography	FS (%)	Echocardiography using the Vevo light	normal	2.0568717948718	0.681400557286737	0	1.10071428571429	0.461415918672458	0	2.10533333333333	0.696839524832967	0	1.50346153846154	0.466817770718967	0	1.61209250832496	1.27848503865387
Echocardiography_HR..bpm.	Echocardiography	HR (bpm)	Echocardiography using the Vevo light	sqrt	11.9230769230769	0.959070678759224	0	38.0714285714286	0.022575111930026	1	25.7142857142857	0.696839524832967	0	42.2980769230769	0.00959212656288789	1	0.547618673492798	1.14632684566193
Echocardiography_LV.Mass.AW..Corrected...mg.	Echocardiography	LV Mass AW (Corrected) (mg)	Echocardiography using the Vevo light	log	-4.93902564102564	0.959070678759224	0	-8.25071428571428	0.428786777864616	0	3.00723809523811	0.954809836328655	0	-19.1748076923077	0.011868683889518	1	0.904763291071332	0.60876081808367
Echocardiography_LV.Mass.AW..mg.	Echocardiography	LV Mass AW (mg)	Echocardiography using the Vevo light	log	-6.1723076923077	0.959070678759224	0	-10.3142857142857	0.428786777864616	0	3.76214285714285	0.954809836328655	0	-23.968125	0.011868683889518	1	0.904687789696733	0.608964061976164
Echocardiography_LV.Vol_d..uL.	Echocardiography	LV Vol_d (uL)	Echocardiography using the Vevo light	normal	-0.120717948717953	0.996806400617635	0	-1.81	0.872830197231479	0	0.481095238095236	0.966558319854165	0	-11.1805288461538	0.121960637842586	0	0.0185878687962933	0.439398784689294
Echocardiography_LV.Vol_s..uL.	Echocardiography	LV Vol_s (uL)	Echocardiography using the Vevo light	normal	-1.63328205128205	0.981339142474418	0	-2.47928571428572	0.728441838244561	0	-1.78223809523809	0.954809836328655	0	-6.89759615384615	0.0722668627241195	0	0.329432788070176	0.20758127311273
Echocardiography_LVAW_d..mm.	Echocardiography	LVAW_d (mm)	Echocardiography using the Vevo light	normal	-0.0115384615384615	0.981339142474418	0	-0.0621428571428572	0.682118852857935	0	0.0178571428571429	0.954809836328655	0	-0.0777884615384615	0.233896061433859	0	0.848656258816774	0.404833890093179
Echocardiography_LVAW_s..mm.	Echocardiography	LVAW_s (mm)	Echocardiography using the Vevo light	normal	-0.0311282051282051	0.981339142474418	0	-0.0249999999999999	0.837629105121074	0	0.0351904761904762	0.954809836328655	0	-0.0703365384615384	0.39091553115269	0	0.982584480479652	0.842882253654462
Echocardiography_LVID_d..mm.	Echocardiography	LVID_d (mm)	Echocardiography using the Vevo light	normal	-0.024974358974359	0.981339142474418	0	-0.00785714285714256	0.980997855350713	0	0.0101904761904761	0.966558319854165	0	-0.237211538461539	0.171018637063251	0	0.118912751276855	0.425784462992753
Echocardiography_LVID_s..mm.	Echocardiography	LVID_s (mm)	Echocardiography using the Vevo light	normal	-0.092051282051282	0.981339142474418	0	-0.0549999999999997	0.814563018703456	0	-0.0752380952380949	0.954809836328655	0	-0.233605769230769	0.101984333457025	0	0.563763165853322	0.309150940644502
Echocardiography_LVPW_d..mm.	Echocardiography	LVPW_d (mm)	Echocardiography using the Vevo light	log	-0.0338461538461539	0.981339142474418	0	-0.04	0.739718537827419	0	0.0178571428571428	0.954809836328655	0	-0.0499038461538461	0.428971562120785	0	1.22531000269127	0.618080983862991
Echocardiography_LVPW_s..mm.	Echocardiography	LVPW_s (mm)	Echocardiography using the Vevo light	log	-0.0068717948717949	0.981339142474418	0	-0.0557142857142856	0.706154749552683	0	0.0203809523809524	0.954809836328655	0	-0.0561538461538461	0.427952670255068	0	0.325060784760794	0.857428239839565
Eye_Body.weight..g.	Eye	Body weight (g)	Eye Morphology	normal	-0.242051282051282	0.959070678759224	0	-4.8	3.55551794024239e-07	1	-0.0695238095238082	0.966558319854165	0	-5.22692307692308	7.94665585894918e-09	1	0.526857115599895	0.272337071377152
Eye_Left.inner.plexiform.layer..µm.	Eye	Left inner plexiform layer (µm)	Eye Morphology	normal	-0.910256410256409	0.981339142474418	0	-2.3	0.428786777864616	0	-1.67948717948718	0.934434445779057	0	-2.92222222222223	0.188427269248849	0	0.871923759722243	0.454853349583969
Eye_Left.segments..µm.	Eye	Left segments (µm)	Eye Morphology	normal	0.294871794871796	0.981339142474418	0	-0.911111111111111	0.706154749552683	0	0.987179487179489	0.949907780612651	0	0.75555555555556	0.690557119219352	0	0.0927794556983842	0.168618769825205
Eye_Left.vitreous.humor.thickness..µm.	Eye	Left vitreous humor thickness (µm)	Eye Morphology	normal	-36.1025641025641	0.0314894402950456	1	-7.74444444444441	0.476272487746291	0	-47.4871794871796	0.00255299716171292	1	-4.52222222222213	0.817671605400282	0	2.99754386022536	3.3017538747172
Eye_OCT.left.anterior.chamber.depth	Eye	OCT left anterior chamber depth	Eye Morphology	normal	9.07272727272726	0.959070678759224	0	-5.875	0.706154749552683	0	14.4153846153847	0.540288887044769	0	-8.35000000000002	0.240709486452208	0	1.2936444579417	2.04693112475372
Eye_OCT.left.corneal.thickness	Eye	OCT left corneal thickness	Eye Morphology	normal	1.07272727272726	0.981339142474418	0	5.875	0.586607079457786	0	1.56923076923077	0.966558319854165	0	2.40000000000001	0.782292813881796	0	0.058895073781532	0.495039993113456
Eye_OCT.left.inner.nuclear.layer..µm.	Eye	OCT left inner nuclear layer (µm)	Eye Morphology	normal	-3.2051282051282	0.24289263957633	0	0.577777777777779	0.768784745228316	0	-3.82051282051282	0.166556592701757	0	0.733333333333331	0.599616275867877	0	2.88315567476528	3.01495355973325
Eye_OCT.left.outer.nuclear.layer..µm.	Eye	OCT left outer nuclear layer (µm)	Eye Morphology	normal	-1.83333333333334	0.959070678759224	0	0.166666666666664	0.943652247649329	0	-2.21794871794872	0.696839524832967	0	-2.35555555555555	0.0775443612859148	0	2.31616060590023	1.70476713043176
Eye_OCT.left.total.retinal.thickness..µm.	Eye	OCT left total retinal thickness (µm)	Eye Morphology	normal	-4.75641025641028	0.959070678759224	0	-0.677777777777777	0.867971395940056	0	-4.83333333333334	0.696839524832967	0	-3.01111111111112	0.418907617331364	0	1.77750374423991	1.89908857531934
Eye_OCT.right.corneal.thickness	Eye	OCT right corneal thickness	Eye Morphology	normal	7.41666666666667	0.959070678759224	0	3.55555555555556	0.706154749552683	0	NA	NA	NA	NA	NA	NA	1.72017602246942	NA
Eye_OCT.right.inner.nuclear.layer..µm.	Eye	OCT right inner nuclear layer (µm)	Eye Morphology	normal	-1.06410256410256	0.959070678759224	0	0.0111111111111093	0.99547099279135	0	-1.6025641025641	0.767841843714332	0	0.133333333333333	0.922001067026687	0	1.72029464188119	0.940136534983988
Eye_OCT.right.outer.nuclear.layer..µm.	Eye	OCT right outer nuclear layer (µm)	Eye Morphology	normal	-3.19230769230769	0.130888302691694	0	-0.388888888888886	0.739718537827419	0	-1.88461538461539	0.696839524832967	0	-0.444444444444443	0.826783225269251	0	2.76618414417791	1.12379056230631
Eye_OCT.right.total.retinal.thickness..µm.	Eye	OCT right total retinal thickness (µm)	Eye Morphology	normal	-6.71794871794873	0.959070678759224	0	-0.97777777777776	0.837629105121074	0	-5.17948717948718	0.696839524832967	0	0.866666666666646	0.795576701269803	0	1.92085571354956	1.8824496332423
Eye_Right.inner.plexiform.layer..µm.	Eye	Right inner plexiform layer (µm)	Eye Morphology	normal	-0.846153846153847	0.981339142474418	0	0.466666666666661	0.885712487222661	0	-1.69230769230769	0.949907780612651	0	-0.933333333333337	0.785435668224214	0	0.745575781156944	1.08170860171799
Eye_Right.segments..µm.	Eye	Right segments (µm)	Eye Morphology	normal	-0.243589743589745	0.981339142474418	0	0.211111111111116	0.919691375406474	0	0.987179487179489	0.918771418888192	0	1.38888888888889	0.270679126507977	0	0.106215451049663	0.29992606052385
Eye_Right.vitreous.humor.thickness..µm.	Eye	Right vitreous humor thickness (µm)	Eye Morphology	normal	-32.2948717948718	0.0314894402950456	1	-16.3888888888889	0.0668756847279466	0	-20.8333333333334	0.954809836328655	0	25.588888888889	0.540895194451811	0	2.98072291028802	0.277332955127552
Grip.test_Grip.mean..4paws...g.	Grip test	Grip mean (4paws) (g)	Grip test	normal	12.2026666666667	0.959070678759224	0	-5.66571428571427	0.774882914146096	0	16.593380952381	0.696839524832967	0	-23.1200961538462	0.146726527001776	0	0.812359078764494	1.25510909575842
Grip.test_Grip.mean..g.	Grip test	Grip mean (g)	Grip test	normal	-0.307692307692307	0.981339142474418	0	-17.9528571428571	0.0450927160563742	1	-7.85642857142857	0.767841843714332	0	-20.305	0.0116265424609256	1	0.400942401028395	0.691221757957199
Grip.test_Grip.mean.ratio..g.g.	Grip test	Grip mean ratio (g/g)	Grip test	normal	-0.140000000000001	0.981339142474418	0	0.332857142857144	0.470919358066675	0	-0.510714285714286	0.696839524832967	0	0.184711538461539	0.591897905590393	0	0.800749292914184	1.83693212213587
Grip.test_Grip.mean.ratio.4paws...g.g.	Grip test	Grip mean ratio(4paws) (g/g)	Grip test	normal	0.289282051282051	0.959070678759224	0	1.865	0.00166225908898538	1	0.371095238095238	0.954809836328655	0	1.06634615384615	0.11284462538001	0	0.353425210727426	0.419956456510161
Grip.test_Trial.1..g.	Grip test	Trial 1 (g)	Grip test	normal	-3.35384615384616	0.981339142474418	0	-18	0.0575801535275976	0	-9.12857142857143	0.767841843714332	0	-18.7788461538462	0.0530526981564274	0	0.711168535022362	0.768181934606504
Grip.test_Trial.2..g.	Grip test	Trial 2 (g)	Grip test	normal	-0.841025641025638	0.981339142474418	0	-16.2857142857143	0.0798317263588056	0	-5.46190476190476	0.954809836328655	0	-19.8461538461538	0.0184436052252951	1	0.524993082339675	0.445321588070688
Grip.test_Trial.3..g.	Grip test	Trial 3 (g)	Grip test	normal	3.27179487179487	0.981339142474418	0	-19.5714285714286	0.0397515128662038	1	-8.98095238095237	0.696839524832967	0	-22.2932692307692	0.00231272529011719	1	0.0829226725009011	0.77948310766314
Grip.test_Trial1..4paws...g.	Grip test	Trial1 (4paws) (g)	Grip test	normal	13.0051282051282	0.959070678759224	0	-5	0.828971277789189	0	15.2523809523809	0.75975426552777	0	-24.5865384615385	0.163250244399641	0	0.723181421812617	1.1272278596829
Grip.test_Trial2..4paws...g.	Grip test	Trial2 (4paws) (g)	Grip test	normal	14.3538461538461	0.959070678759224	0	-8.21428571428572	0.706154749552683	0	18.4142857142857	0.696839524832967	0	-22.8701923076923	0.160117633900294	0	0.816350180387758	1.22385557897206
Grip.test_Trial3..4paws...g.	Grip test	Trial3 (4paws) (g)	Grip test	normal	9.24615384615385	0.959070678759224	0	-3.78571428571428	0.837629105121074	0	16.1142857142857	0.696839524832967	0	-21.8990384615385	0.160117633900294	0	0.796897756170003	1.32955139408086
Grip.test_Weight..g.	Grip test	Weight (g)	Grip test	normal	0.51794871794872	0.981339142474418	0	-5.11428571428571	1.16811182240797e-07	1	0.533333333333335	0.75975426552777	0	-5.12884615384615	1.5906583026951e-07	1	0.298774553775255	0.844814978269789
Gross_Body.Weight..g.	Gross	Body Weight (g)	Gross Pathology	normal	0.254205128205129	0.987277509725913	0	-4.21928571428571	2.4395392795551e-06	1	0.12052380952381	0.954809836328655	0	-4.67182692307692	2.45841653920979e-07	1	0.17613614040665	0.650989500710945
Haematology_.BASO....	Haematology	%BASO (%)	Haematology - Complete blood count (CBC)on the Advia 120	non parametric	NA	NA	NA	NA	NA	NA	0.027972027972028	0.954809836328655	0	0.00559440559440558	0.999081774273896	0	NA	0.958585096070796
Haematology_.EOSINO....	Haematology	%EOSINO (%)	Haematology - Complete blood count (CBC)on the Advia 120	non parametric	NA	NA	NA	NA	NA	NA	0.262237762237762	0.979666245492857	0	0.92937062937063	0.660516087401266	0	NA	0.0178817721653378
Haematology_.LUC....	Haematology	%LUC (%)	Haematology - Complete blood count (CBC)on the Advia 120	non parametric	NA	NA	NA	NA	NA	NA	-0.208391608391608	0.696839524832967	0	-0.194405594405594	0.281011206828082	0	NA	1.29221547750851
Haematology_.LYMPHO....	Haematology	%LYMPHO (%)	Haematology - Complete blood count (CBC)on the Advia 120	non parametric	NA	NA	NA	NA	NA	NA	-1.54475524475525	0.954809836328655	0	-2.41608391608392	0.404490886454516	0	NA	0.782264853733607
Haematology_.MONO....	Haematology	%MONO (%)	Haematology - Complete blood count (CBC)on the Advia 120	non parametric	NA	NA	NA	NA	NA	NA	-0.263636363636363	0.954809836328655	0	-0.223076923076923	0.826783225269251	0	NA	0.125212297016206
Haematology_.NEUTRO....	Haematology	%NEUTRO (%)	Haematology - Complete blood count (CBC)on the Advia 120	non parametric	NA	NA	NA	NA	NA	NA	1.72797202797203	0.696839524832967	0	1.93076923076923	0.176035680150835	0	NA	1.48896863964233
Haematology_CHCM..g.dL.	Haematology	CHCM (g/dL)	Haematology - Complete blood count (CBC)on the Advia 120	non parametric	NA	NA	NA	NA	NA	NA	0.134265734265735	0.954809836328655	0	-0.0503496503496486	0.854298016051736	0	NA	0.157023884299567
Haematology_CHDW..g.dL.	Haematology	CHDW (g/dL)	Haematology - Complete blood count (CBC)on the Advia 120	normal	NA	NA	NA	NA	NA	NA	0.0241958041958041	0.954809836328655	0	0.00937062937062949	0.953769893824	0	NA	0.771234636047066
Haematology_EOSINO..x10E03.cells.µL.	Haematology	EOSINO (x10E03 cells/µL)	Haematology - Complete blood count (CBC)on the Advia 120	non parametric	NA	NA	NA	NA	NA	NA	-0.0255944055944056	0.966558319854165	0	-0.0415384615384616	0.756297161398608	0	NA	0.347475908509853
Haematology_EOSINO.BRUT..x10E03.cells.µL.	Haematology	EOSINO BRUT (x10E03 cells/µL)	Haematology - Complete blood count (CBC)on the Advia 120	non parametric	NA	NA	NA	NA	NA	NA	-0.0127972027972028	0.966558319854165	0	-0.0207692307692308	0.826783225269251	0	NA	0.347475908509853
Haematology_HCT....	Haematology	HCT (%)	Haematology - Complete blood count (CBC)on the Advia 120	non parametric	NA	NA	NA	NA	NA	NA	-2.36643356643356	0.696839524832967	0	-2.26573426573427	0.190762499605119	0	NA	1.85784764168193
Haematology_HGB..g.dL.	Haematology	HGB (g/dL)	Haematology - Complete blood count (CBC)on the Advia 120	non parametric	NA	NA	NA	NA	NA	NA	-0.542657342657343	0.7033326661613	0	-0.565034965034965	0.305034145928328	0	NA	1.54168634793782
Haematology_HGB.brut..g.dL.	Haematology	HGB brut (g/dL)	Haematology - Complete blood count (CBC)on the Advia 120	non parametric	NA	NA	NA	NA	NA	NA	-0.271328671328671	0.7033326661613	0	-0.282517482517482	0.319458176173372	0	NA	1.54168634793782
Haematology_Hte.brut....	Haematology	Hte brut (%)	Haematology - Complete blood count (CBC)on the Advia 120	non parametric	NA	NA	NA	NA	NA	NA	-1.18321678321678	0.696839524832967	0	-1.13286713286713	0.190762499605119	0	NA	1.85784764168193
Haematology_LUC..x10E03.cells.µL.	Haematology	LUC (x10E03 cells/µL)	Haematology - Complete blood count (CBC)on the Advia 120	non parametric	NA	NA	NA	NA	NA	NA	-0.0123076923076923	0.966558319854165	0	-0.0179020979020979	0.826783225269251	0	NA	0.864856134232203
Haematology_LUC.BRUT..x10E03.cells.µL.	Haematology	LUC BRUT (x10E03 cells/µL)	Haematology - Complete blood count (CBC)on the Advia 120	non parametric	NA	NA	NA	NA	NA	NA	-0.00615384615384615	0.977063782048872	0	-0.00895104895104895	0.915230641467059	0	NA	0.864856134232203
Haematology_LYMPHO..x10E03.cells.µL.	Haematology	LYMPHO (x10E03 cells/µL)	Haematology - Complete blood count (CBC)on the Advia 120	non parametric	NA	NA	NA	NA	NA	NA	-0.901818181818182	0.696839524832967	0	-1.56531468531469	0.00631896684037418	1	NA	0.933763767861609
Haematology_LYMPHO.BRUT..x10E03.cells.µL.	Haematology	LYMPHO BRUT (x10E03 cells/µL)	Haematology - Complete blood count (CBC)on the Advia 120	non parametric	NA	NA	NA	NA	NA	NA	-0.450909090909091	0.696839524832967	0	-0.782657342657343	0.00717164982134427	1	NA	0.933763767861609
Haematology_MCH..pg.	Haematology	MCH (pg)	Haematology - Complete blood count (CBC)on the Advia 120	non parametric	NA	NA	NA	NA	NA	NA	0.142657342657342	0.934434445779057	0	0.159440559440558	0.457312212102854	0	NA	1.32118984099622
Haematology_MCHC..g.dL.	Haematology	MCHC (g/dL)	Haematology - Complete blood count (CBC)on the Advia 120	non parametric	NA	NA	NA	NA	NA	NA	0.224475524475523	0.954809836328655	0	0.17832167832168	0.756297161398608	0	NA	0.5081592049938
Haematology_MCV..fL.	Haematology	MCV (fL)	Haematology - Complete blood count (CBC)on the Advia 120	non parametric	NA	NA	NA	NA	NA	NA	0.141958041958041	0.966558319854165	0	0.260839160839161	0.778762670614077	0	NA	0.750716768934344
Haematology_MONO..x10E03.cells.µL.	Haematology	MONO (x10E03 cells/µL)	Haematology - Complete blood count (CBC)on the Advia 120	non parametric	NA	NA	NA	NA	NA	NA	-0.0341258741258741	0.954809836328655	0	-0.0565034965034965	0.558466426142145	0	NA	0.22208509162514
Haematology_MONO.BRUT..x10E03.cells.µL.	Haematology	MONO BRUT (x10E03 cells/µL)	Haematology - Complete blood count (CBC)on the Advia 120	non parametric	NA	NA	NA	NA	NA	NA	-0.0170629370629371	0.966558319854165	0	-0.0282517482517483	0.756297161398608	0	NA	0.22208509162514
Haematology_MPV..fL.	Haematology	MPV (fL)	Haematology - Complete blood count (CBC)on the Advia 120	non parametric	NA	NA	NA	NA	NA	NA	0.199242424242424	0.696839524832967	0	0.136153846153846	0.390509144895097	0	NA	2.15633164952029
Haematology_NEUTRO..x10E03.cells.µL.	Haematology	NEUTRO (x10E03 cells/µL)	Haematology - Complete blood count (CBC)on the Advia 120	non parametric	NA	NA	NA	NA	NA	NA	-0.0391608391608392	0.966558319854165	0	-0.115244755244755	0.308063849344896	0	NA	0.00981002550823347
Haematology_NEUTRO.BRUT..x10E03.cells.µL.	Haematology	NEUTRO BRUT (x10E03 cells/µL)	Haematology - Complete blood count (CBC)on the Advia 120	non parametric	NA	NA	NA	NA	NA	NA	-0.0195804195804196	0.966558319854165	0	-0.0576223776223776	0.507373117993379	0	NA	0.00981002550823347
Haematology_PLT..x10E03.cells.µL.	Haematology	PLT (x10E03 cells/µL)	Haematology - Complete blood count (CBC)on the Advia 120	non parametric	NA	NA	NA	NA	NA	NA	-97.4242424242424	0.949907780612651	0	-238.953846153846	0.0333927912671686	1	NA	0.868663339140203
Haematology_PLT.brut..x10E03.cells.µL.	Haematology	PLT brut (x10E03 cells/µL)	Haematology - Complete blood count (CBC)on the Advia 120	non parametric	NA	NA	NA	NA	NA	NA	-48.7121212121212	0.949907780612651	0	-119.476923076923	0.0333927912671686	1	NA	0.868663339140203
Haematology_RBC..x10E06.cells.µL.	Haematology	RBC (x10E06 cells/µL)	Haematology - Complete blood count (CBC)on the Advia 120	non parametric	NA	NA	NA	NA	NA	NA	-0.501678321678321	0.696839524832967	0	-0.505314685314685	0.240709486452208	0	NA	1.78858459171831
Haematology_RBC.brut..x10E06.cells.µL.	Haematology	RBC brut (x10E06 cells/µL)	Haematology - Complete blood count (CBC)on the Advia 120	non parametric	NA	NA	NA	NA	NA	NA	-0.250839160839161	0.696839524832967	0	-0.252657342657343	0.262226408766849	0	NA	1.78858459171831
Haematology_RDW....	Haematology	RDW (%)	Haematology - Complete blood count (CBC)on the Advia 120	non parametric	NA	NA	NA	NA	NA	NA	0.0300699300699296	0.966558319854165	0	-0.08041958041958	0.826783225269251	0	NA	0.366912651149089
Haematology_WBC..x10E03.cells.µL.	Haematology	WBC (x10E03 cells/µL)	Haematology - Complete blood count (CBC)on the Advia 120	normal	NA	NA	NA	NA	NA	NA	-0.930909090909091	0.7033326661613	0	-1.74769230769231	0.00902236352780318	1	NA	0.696104809006881
Haematology_WBC.brut..x10E03.cells.µL.	Haematology	WBC brut (x10E03 cells/µL)	Haematology - Complete blood count (CBC)on the Advia 120	normal	NA	NA	NA	NA	NA	NA	-0.465454545454545	0.7033326661613	0	-0.873846153846154	0.00944867952854273	1	NA	0.696104809006881
Hot.plate_Body.weight..g.	Hot plate	Body weight (g)	Hot plate test	normal	-0.242051282051282	0.959070678759224	0	-4.8	3.55551794024239e-07	1	-0.0695238095238082	0.966558319854165	0	-5.22692307692308	7.94665585894918e-09	1	0.526857115599895	0.272337071377152
Hot.plate_Hot.plate.1..s.	Hot plate	Hot plate 1 (s)	Hot plate test	normal	1.18635897435897	0.959070678759224	0	0.0428571428571427	0.947537927760803	0	0.000809523809522261	0.98857791723016	0	-0.841778846153847	0.682130841773971	0	0.716656350590312	0.479119423578169
Open.field_..Time.Spent.in.the.Center.I1..cm.	Open field	% Time Spent in the Center I1 (cm)	Open field test	log	-2.22307692307692	0.959070678759224	0	-1.76428571428571	0.428786777864616	0	-0.807142857142859	0.966558319854165	0	-5.04230769230769	0.0116265424609256	1	1.45065596866385	0.00581457833236506
Open.field_..Time.Spent.in.the.Center.I2..cm.	Open field	% Time Spent in the Center I2 (cm)	Open field test	log	-2.03897435897436	0.959070678759224	0	1.51428571428571	0.586607079457786	0	-2.87523809523809	0.696839524832967	0	-1.21826923076923	0.638753029848204	0	1.70218504135097	1.5254535176425
Open.field_..Time.Spent.in.the.Center.I3..cm.	Open field	% Time Spent in the Center I3 (cm)	Open field test	log	-1.65846153846154	0.981339142474418	0	2	0.593061430525328	0	1.55857142857143	0.954809836328655	0	-2.69903846153846	0.39091553115269	0	0.432681848469671	0.898409493532735
Open.field_..Time.Spent.in.the.Center.I4..cm.	Open field	% Time Spent in the Center I4 (cm)	Open field test	log	-1.32051282051282	0.977341976746588	0	0.607142857142856	0.837629105121074	0	2.7047619047619	0.918771418888192	0	0.326442307692307	0.960669532291137	0	0.767065058711872	0.843595483205514
Open.field_..distance.in.the.Center.I1..cm.	Open field	% distance in the Center I1 (cm)	Open field test	log	-3.15948717948718	0.681400557286737	0	-1.77857142857143	0.428786777864616	0	-0.734761904761903	0.966558319854165	0	-4.75961538461538	0.0333927912671686	1	1.62784468488305	0.0920845998408305
Open.field_..distance.in.the.Center.I2..cm.	Open field	% distance in the Center I2 (cm)	Open field test	log	-2.86615384615385	0.959070678759224	0	1.29285714285714	0.739718537827419	0	-3.24142857142857	0.696839524832967	0	-0.959615384615386	0.81392040570753	0	1.78297728593766	1.31489417857164
Open.field_..distance.in.the.Center.I3..cm.	Open field	% distance in the Center I3 (cm)	Open field test	log	-1.82717948717949	0.981339142474418	0	2.92142857142857	0.478573164983033	0	3.49095238095238	0.7033326661613	0	-0.967307692307692	0.81392040570753	0	0.662287158879547	1.26609055778268
Open.field_..distance.in.the.Center.I4..cm.	Open field	% distance in the Center I4 (cm)	Open field test	log	-2.14410256410256	0.959070678759224	0	2.15	0.537377773654676	0	2.57238095238095	0.911710192189579	0	-0.806249999999999	0.826783225269251	0	1.02979038318822	0.904112184231902
Open.field_..distance.in.the.Center.glob...cm.	Open field	% distance in the Center glob. (cm)	Open field test	log	-2.66410256410256	0.681400557286737	0	0.892857142857142	0.739718537827419	0	0.402380952380952	0.966558319854165	0	-2.20865384615385	0.240709486452208	0	1.90412412484065	0.437683790599074
Open.field_.Time.Spent.in.the.Center.glob	Open field	%Time Spent in the Center glob	Open field test	log	-1.79076923076923	0.959070678759224	0	0.585714285714285	0.790192227496547	0	0.175714285714285	0.966558319854165	0	-2.14951923076923	0.240709486452208	0	1.53769748774145	0.381613811655063
Open.field_Dist.I1..cm.	Open field	Dist I1 (cm)	Open field test	normal	60.2948717948721	0.981339142474418	0	111.478571428571	0.635222496897665	0	128.561904761905	0.916368343224841	0	3.97403846153884	0.999081774273896	0	0.694958656500627	1.43615652620056
Open.field_Dist.I2..cm.	Open field	Dist I2 (cm)	Open field test	normal	50.8425641025642	0.981339142474418	0	84.1499999999996	0.586607079457786	0	-3.84095238095233	0.993264509899676	0	-139.542788461539	0.33087316767936	0	1.22285310724771	0.636202815587648
Open.field_Dist.I3..cm.	Open field	Dist I3 (cm)	Open field test	normal	23.6594871794871	0.981339142474418	0	127.057142857143	0.593061430525328	0	29.3847619047617	0.966558319854165	0	-132.54375	0.466817770718967	0	0.645840239205244	0.752326089642678
Open.field_Dist.I4..cm.	Open field	Dist I4 (cm)	Open field test	normal	0.974871794871888	0.981339142474418	0	229.335714285714	0.194104722071301	0	75.0704761904763	0.954809836328655	0	50.9115384615386	0.826783225269251	0	0.848586157778256	0.940573855562259
Open.field_Dist.global..cm.	Open field	Dist global (cm)	Open field test	normal	135.793846153845	0.981339142474418	0	552	0.428786777864616	0	229.154285714285	0.954809836328655	0	-217.218269230771	0.756297161398608	0	0.940973290774671	1.14469067724318
Open.field_Distance.center..cm.	Open field	Distance center (cm)	Open field test	normal	-194.041538461538	0.959070678759224	0	150.221428571429	0.639780838030657	0	76.6557142857143	0.954809836328655	0	-232.359615384615	0.260404502727531	0	0.946500221359927	0.876231532734739
Open.field_Distance.periphery..cm.	Open field	Distance periphery (cm)	Open field test	normal	329.782564102564	0.959070678759224	0	401.757142857143	0.428786777864616	0	152.513333333333	0.954809836328655	0	15.1524038461539	0.993976470104399	0	1.71859049377245	0.989768532958541
Open.field_Distance.whole.arena..cm.	Open field	Distance whole arena (cm)	Open field test	normal	135.793846153845	0.981339142474418	0	552	0.428786777864616	0	229.154285714285	0.954809836328655	0	-217.218269230771	0.756297161398608	0	0.940973290774671	1.14469067724318
Open.field_Latency.center..s.	Open field	Latency center (s)	Open field test	log	7.44615384615384	0.959070678759224	0	4.02857142857143	0.706154749552683	0	-7.21428571428572	0.7033326661613	0	5.45480769230769	0.474149781374513	0	0.605857276574243	1.2342106440049
Open.field_NEntries.center	Open field	NEntries center	Open field test	sqrt	-3.30256410256411	0.981339142474418	0	13	0.153393608262935	0	4.8952380952381	0.954809836328655	0	-1.30288461538461	0.91250500375411	0	0.342594233286449	0.86640467349844
Open.field_Number.of.Rearings.I1	Open field	Number of Rearings I1	Open field test	normal	-1.2974358974359	0.981339142474418	0	0.0714285714285694	0.99547099279135	0	4.57619047619048	0.802469153953037	0	-5.21634615384615	0.388354438204306	0	0.0479855504912595	0.96482720435585
Open.field_Number.of.Rearings.I2	Open field	Number of Rearings I2	Open field test	normal	-3.52820512820513	0.959070678759224	0	-4.85714285714285	0.470919358066675	0	0.00476190476189942	0.97071764503354	0	-14.2355769230769	0.0145418079117233	1	0.120347461741848	0.399092049409129
Open.field_Number.of.Rearings.I3	Open field	Number of Rearings I3	Open field test	normal	-0.702564102564097	0.981339142474418	0	-3.78571428571428	0.706154749552683	0	-2.14761904761905	0.966558319854165	0	-15.6634615384615	0.00959212656288789	1	0.180707922956915	0.00582103316022371
Open.field_Number.of.Rearings.I4	Open field	Number of Rearings I4	Open field test	normal	4.34871794871795	0.959070678759224	0	-3	0.706154749552683	0	5.01904761904762	0.698154206272825	0	-11.9951923076923	0.0147521956400591	1	0.972041476071921	1.0259316576692
Open.field_Number.of.Rearings.global	Open field	Number of Rearings global	Open field test	normal	-1.17948717948718	0.981339142474418	0	-11.5714285714286	0.689735822439723	0	7.45238095238093	0.954809836328655	0	-47.1105769230769	0.0110985496483849	1	0.1509897504104	0.659389394734905
Open.field_Permanence.Time.center..s.	Open field	Permanence Time center (s)	Open field test	normal	-21.7979487179487	0.959070678759224	0	7.07142857142856	0.790192227496547	0	1.72952380952381	0.966558319854165	0	-25.9288461538462	0.240709486452208	0	1.54657035924158	0.365719173949938
Open.field_Permanence.Time.periphery..s.	Open field	Permanence Time periphery (s)	Open field test	normal	21.7979487179489	0.959070678759224	0	-7.07142857142844	0.790192227496547	0	-1.7295238095237	0.966558319854165	0	25.9288461538463	0.240709486452208	0	1.54657035924158	0.365719173949936
Open.field_Resting.Time.center..s.	Open field	Resting Time center (s)	Open field test	normal	-2.30358974358974	0.959070678759224	0	-3.02857142857143	0.378650874607508	0	1.70190476190476	0.966558319854165	0	1.175	0.886611507532994	0	1.42965562098205	0.186033024766594
Open.field_Resting.Time.periphery..s.	Open field	Resting Time periphery (s)	Open field test	normal	-20.4451282051282	0.981339142474418	0	-3.34285714285716	0.908546857212262	0	-13.0923809523809	0.954809836328655	0	42.2759615384616	0.240709486452208	0	1.14885229092466	1.02089317194852
Open.field_Resting.Time.whole.arena..s.	Open field	Resting Time whole arena (s)	Open field test	normal	-22.72	0.959070678759224	0	-6.37142857142862	0.837629105121074	0	-11.4057142857143	0.954809836328655	0	43.4413461538462	0.232145603824269	0	1.27221620285061	1.00638043692237
Open.field_av..speed.center..cm.s.	Open field	av. speed center (cm/s)	Open field test	normal	0.121948717948719	0.981339142474418	0	0.347142857142856	0.643378138005005	0	0.823761904761906	0.696839524832967	0	0.711682692307692	0.240709486452208	0	0.767826670562397	1.64419032592593
Open.field_av..speed.periphery..cm.s.	Open field	av. speed periphery (cm/s)	Open field test	normal	-0.0758974358974367	0.981339142474418	0	0.545714285714286	0.0798317263588056	0	0.048333333333332	0.966558319854165	0	0.223076923076924	0.517419059659338	0	0.471196321576536	0.726409422439554
Open.field_av..speed.whole.arena..cm.s.	Open field	av. speed whole arena (cm/s)	Open field test	normal	-0.102923076923076	0.981339142474418	0	0.535	0.125263432497494	0	0.124714285714285	0.954809836328655	0	0.216201923076923	0.558466426142145	0	0.327500638094295	0.993346499324335
Pavlovian.fear.cond._Freezing.....Con.1	Pavlovian fear cond.	Freezing (%) Con-1	Pavlovian fear conditioning	non parametric	-10.4007179487179	0.959070678759224	0	-5.11857142857143	0.706154749552683	0	-14.8874761904762	0.696839524832967	0	0.947740384615386	0.91250500375411	0	1.32406395822639	1.7230893433759
Pavlovian.fear.cond._Freezing.....Con.2	Pavlovian fear cond.	Freezing (%) Con-2	Pavlovian fear conditioning	non parametric	-2.99071794871795	0.981339142474418	0	10.475	0.461415918672458	0	-6.50747619047619	0.934434445779057	0	14.1332211538462	0.17598847092892	0	0.552537045365376	1.28616052998213
Pavlovian.fear.cond._Freezing.....Con.3	Pavlovian fear cond.	Freezing (%) Con-3	Pavlovian fear conditioning	non parametric	1.85364102564102	0.981339142474418	0	20.12	0.0581301489573907	0	1.99347619047619	0.966558319854165	0	26.0335576923077	0.00910107029656998	1	0.0883606623524483	0.409973077597313
Pavlovian.fear.cond._Freezing.....Cue.1	Pavlovian fear cond.	Freezing (%) Cue-1	Pavlovian fear conditioning	non parametric	8.76215384615384	0.959070678759224	0	21.3085714285714	0.0647740189494175	0	3.77028571428571	0.966558319854165	0	32.9643269230769	0.00158632998648465	1	0.48291837967176	0.355884072638251
Pavlovian.fear.cond._Freezing.....Cue.2	Pavlovian fear cond.	Freezing (%) Cue-2	Pavlovian fear conditioning	non parametric	5.70994871794871	0.959070678759224	0	38.0957142857143	0.000527193227198764	1	-0.443952380952382	0.966558319854165	0	41.0816346153846	0.000161279774625514	1	0.0673427920897877	0.55007936424811
Pavlovian.fear.cond._Freezing.....total	Pavlovian fear cond.	Freezing (%) total	Pavlovian fear conditioning	non parametric	-3.84497435897436	0.981339142474418	0	8.49071428571429	0.476272487746291	0	-6.46695238095238	0.853794296613145	0	13.70375	0.120852770881118	0	0.778760516354137	1.34628495261725
Pavlovian.fear.cond._Freezing.Cue.1	Pavlovian fear cond.	Freezing Cue 1	Pavlovian fear conditioning	non parametric	10.5128205128205	0.959070678759224	0	25.5714285714286	0.0647740189494175	0	4.52380952380952	0.966558319854165	0	39.5576923076923	0.00158632998648465	1	0.482868830895956	0.355878134632671
Pavlovian.fear.cond._Freezing.Cue.2	Pavlovian fear cond.	Freezing Cue 2	Pavlovian fear conditioning	non parametric	6.85128205128206	0.959070678759224	0	45.7142857142857	0.000527193227198764	1	-0.533333333333331	0.966558319854165	0	49.2980769230769	0.000161279774625514	1	0.0672931253395796	0.55014174511431
Pavlovian.fear.cond._Freezing.Pre.cue.1	Pavlovian fear cond.	Freezing Pre-cue 1	Pavlovian fear conditioning	non parametric	-1.05641025641026	0.981339142474418	0	3	0.739718537827419	0	-2.27619047619048	0.954809836328655	0	0.759615384615385	0.919755607432798	0	0.503102813676137	0.959204385137059
Pavlovian.fear.cond._Freezing.Pre.cue.2	Pavlovian fear cond.	Freezing Pre-cue 2	Pavlovian fear conditioning	non parametric	5.17948717948718	0.959070678759224	0	8.14285714285714	0.428786777864616	0	-0.238095238095241	0.966558319854165	0	15.5	0.0530526981564274	0	0.281994002041758	0.367398726121127
Pavlovian.fear.cond._Freezing.conditioning.Hab.1	Pavlovian fear cond.	Freezing conditioning Hab-1	Pavlovian fear conditioning	non parametric	3.48717948717949	0.959070678759224	0	-0.571428571428571	0.919691375406474	0	0.619047619047619	0.966558319854165	0	-0.759615384615385	0.817671605400282	0	0.8602200639874	0.0175219052669346
Pavlovian.fear.cond._Freezing.conditioning.Hab.2	Pavlovian fear cond.	Freezing conditioning Hab-2	Pavlovian fear conditioning	non parametric	-0.266666666666667	0.987277509725913	0	-1.42857142857143	0.784324629028724	0	-0.123809523809525	0.979666245492857	0	3.16346153846154	0.474149781374513	0	0.402326345012805	0.449613787002103
Pavlovian.fear.cond._Freezing.conditioning.post.us1	Pavlovian fear cond.	Freezing conditioning post-us1	Pavlovian fear conditioning	non parametric	-10.0717948717949	0.959070678759224	0	19.4285714285714	0.110982775583646	0	-3.96190476190476	0.954809836328655	0	18.4134615384615	0.125079257107142	0	1.23892913027529	0.723096803135537
Pavlovian.fear.cond._context.freezing.con.1	Pavlovian fear cond.	context freezing con-1	Pavlovian fear conditioning	non parametric	-12.4820512820513	0.959070678759224	0	-6.14285714285715	0.706154749552683	0	-17.8666666666667	0.696839524832967	0	1.13461538461539	0.91250500375411	0	1.32413153236429	1.72317525972845
Pavlovian.fear.cond._context.freezing.con.2	Pavlovian fear cond.	context freezing con-2	Pavlovian fear conditioning	non parametric	-3.58974358974358	0.981339142474418	0	12.5714285714286	0.461415918672458	0	-7.80952380952381	0.934434445779057	0	16.9615384615385	0.17598847092892	0	0.552615975783578	1.28621947055257
Pavlovian.fear.cond._context.freezing.con.3	Pavlovian fear cond.	context freezing con-3	Pavlovian fear conditioning	non parametric	2.22564102564102	0.981339142474418	0	24.1428571428571	0.0581301489573907	0	2.39047619047619	0.966558319854165	0	31.2403846153846	0.00910107029656998	1	0.0882446309273379	0.410125710869694
Pavlovian.fear.cond._freezing.total.context	Pavlovian fear cond.	freezing total context	Pavlovian fear conditioning	non parametric	-13.8461538461538	0.981339142474418	0	30.5714285714286	0.476272487746291	0	-23.2857142857143	0.853794296613145	0	49.3365384615385	0.120852770881118	0	0.778845151245704	1.3464221192034
Rotarod_Body.weight..g.	Rotarod	Body weight (g)	Rotarod test	normal	0.51794871794872	0.981339142474418	0	-5.11428571428571	1.16811182240797e-07	1	0.533333333333335	0.75975426552777	0	-5.12884615384615	1.5906583026951e-07	1	0.298774553775255	0.844814978269789
Rotarod_Mean.latency	Rotarod	Mean latency	Rotarod test	normal	14.8522564102564	0.959070678759224	0	53.5492857142857	0.0162816383629783	1	-10.7360952380952	0.954809836328655	0	36.1401923076923	0.123023048307673	0	0.745155374701522	0.381995986239892
Rotarod_Trial.1..s.	Rotarod	Trial 1 (s)	Rotarod test	normal	10.374358974359	0.981339142474418	0	52.0714285714286	0.068147997390896	0	-28.4333333333333	0.696839524832967	0	40.3894230769231	0.11284462538001	0	0.758725947877756	1.11834999996182
Rotarod_Trial.2..s.	Rotarod	Trial 2 (s)	Rotarod test	normal	23.7589743589743	0.959070678759224	0	51.3571428571429	0.0581301489573907	0	-5.93333333333334	0.966558319854165	0	37.2115384615385	0.1821873444185	0	0.852150093790184	0.197854919651604
Rotarod_Trial.3..s.	Rotarod	Trial 3 (s)	Rotarod test	normal	10.425641025641	0.981339142474418	0	57.2142857142857	0.0421735492005579	1	2.16190476190474	0.98857791723016	0	30.8173076923077	0.36424594140929	0	0.289598551993992	0.269852386866702
Shock.threshold_Vocalization	Shock threshold	Vocalization	Shock threshold test	non parametric	0.0213333333333333	0.981339142474418	0	0.00857142857142859	0.932653125866187	0	0.0177619047619048	0.954809836328655	0	-0.0273076923076923	0.703782043732798	0	0.654030318489404	0.207548563422695
Glucose.tolerance.test_Body.weight..g.	Glucose tolerance test	Body weight (g)	Test de Tolérance au Glucose (GTT)	normal	1.1576923076923	0.959070678759224	0	-4.46593406593407	6.07063615435575e-07	1	0.69285714285714	0.7033326661613	0	-4.39583333333333	2.45841653920979e-07	1	1.24214544128337	0.993950124559826
Glucose.tolerance.test_Glucose.T0..mmol.l.	Glucose tolerance test	Glucose T0 (mmol/l)	Test de Tolérance au Glucose (GTT)	normal	-0.0362637362637361	0.996806400617635	0	0.258791208791209	0.61355388032849	0	-0.221428571428572	0.949907780612651	0	0.1625	0.723849051339702	0	0.231616749101366	0.440414669533128
Glucose.tolerance.test_Glucose.T120..mmol.l.	Glucose tolerance test	Glucose T120 (mmol/l)	Test de Tolérance au Glucose (GTT)	normal	0.326923076923077	0.97716593449192	0	-1.17252747252747	0.000527193227198764	1	-0.0571428571428578	0.966558319854165	0	-1.72708333333333	0.000161279774625514	1	1.3323891816811	0.294642835541518
Glucose.tolerance.test_Glucose.T15..mmol.l.	Glucose tolerance test	Glucose T15 (mmol/l)	Test de Tolérance au Glucose (GTT)	normal	-0.218681318681316	0.981339142474418	0	0.0406593406593387	0.99547099279135	0	-0.328571428571429	0.966558319854165	0	-0.143750000000001	0.922001067026687	0	0.236318868296266	0.595622391647499
Glucose.tolerance.test_Glucose.T30..mmol.l.	Glucose tolerance test	Glucose T30 (mmol/l)	Test de Tolérance au Glucose (GTT)	normal	0.279670329670331	0.996806400617635	0	-2.37142857142857	0.0869689045750027	0	-0.421428571428571	0.956014979819099	0	-2.1	0.121960637842586	0	0.0776114092291916	0.495109696922482
Glucose.tolerance.test_Glucose.T60..mmol.l.	Glucose tolerance test	Glucose T60 (mmol/l)	Test de Tolérance au Glucose (GTT)	normal	-1.1489010989011	0.290496980489898	0	-2.67857142857143	0.000177744753895089	1	-0.914285714285715	0.696839524832967	0	-2.7	0.000557169932776439	1	1.29166275922689	0.713474084473317
Glucose.tolerance.test_Glucose.auc.positive..0.120...min.mmol.l.	Glucose tolerance test	Glucose auc positive (0-120) (min*mmol/l)	Test de Tolérance au Glucose (GTT)	normal	43.5769230769231	0.981339142474418	0	-294.291208791209	0.000177744753895089	1	12.8571428571429	0.966558319854165	0	-319.0625	0.000138868722688858	1	0.477762941440808	0.125038699000818
Glucose.tolerance.test_Glucose.auc.0.120...min.mmol.l.	Glucose tolerance test	Glucose auc(0-120) (min*mmol/l)	Test de Tolérance au Glucose (GTT)	normal	-34.7142857142857	0.959070678759224	0	-236.472527472528	0.00068257174477627	1	-31	0.954809836328655	0	-240.833333333333	0.00157239409839892	1	0.582064712655962	0.375864524889354
Body.composition_BMC..g.	Body composition	BMC (g)	Ultrafocus - Densitométrie osseuse et composition corporelle	log	0.00292307692307692	1	0	-0.0407142857142857	0.751288457623089	0	-0.00185714285714289	0.98857791723016	0	-0.0194711538461538	0.78150314582136	0	0.290347729562802	0.405175304144731
Body.composition_BMD..g.cm2.	Body composition	BMD (g/cm2)	Ultrafocus - Densitométrie osseuse et composition corporelle	normal	-0.00041897435897436	1	0	-0.000907142857142856	0.99547099279135	0	-0.000312380952380953	0.993264509899676	0	-2.98076923076901e-05	0.999616783807829	0	0.601861492693935	0.226105456081387
Body.composition_Body.length..cm.	Body composition	Body length (cm)	Ultrafocus - Densitométrie osseuse et composition corporelle	normal	0.123589743589744	0.959070678759224	0	-0.15	0.428786777864616	0	0.118095238095238	0.7033326661613	0	-0.190384615384614	0.120852770881118	0	1.34706738333182	1.61329809994016
Body.composition_body.weight..g.	Body composition	body weight (g)	Ultrafocus - Densitométrie osseuse et composition corporelle	normal	0.216923076923077	0.981339142474418	0	-4.49285714285714	2.65894496421778e-06	1	0.125714285714285	0.954809836328655	0	-4.42403846153846	2.45841653920979e-07	1	0.155688444394085	0.626425093358268
Body.composition_bone.area..cm2.	Body composition	bone area (cm2)	Ultrafocus - Densitométrie osseuse et composition corporelle	normal	0.0501538461538455	0.987277509725913	0	-0.527142857142858	0.0503280521972554	0	-0.00171428571428578	0.979666245492857	0	-0.322451923076922	0.0333927912671686	1	0.122385652263051	0.420539195112511
Body.composition_fat.percent....	Body composition	fat percent (%)	Ultrafocus - Densitométrie osseuse et composition corporelle	normal	1.36594871794872	0.959070678759224	0	-5.68285714285714	0.000193538654502275	1	0.669190476190476	0.949907780612651	0	-4.82230769230769	0.000495920718743388	1	0.773223811854113	0.464846344125373
Body.composition_fat.weight..g.	Body composition	fat weight (g)	Ultrafocus - Densitométrie osseuse et composition corporelle	normal	0.444871794871795	0.959070678759224	0	-1.96357142857143	1.01646947962737e-05	1	0.204047619047619	0.767841843714332	0	-1.72086538461539	8.07375749490053e-07	1	0.74668558598072	0.668421531285631
Body.composition_lean.percent....	Body composition	lean percent (%)	Ultrafocus - Densitométrie osseuse et composition corporelle	normal	-1.36594871794871	0.959070678759224	0	5.68285714285715	0.000193538654502275	1	-0.66990476190476	0.949907780612651	0	4.82307692307693	0.000495920718743388	1	0.773205129927472	0.465076181319086
Body.composition_lean.weight..g.	Body composition	lean weight (g)	Ultrafocus - Densitométrie osseuse et composition corporelle	normal	-0.0483076923076915	0.981339142474418	0	-2.76	0.0036369595069628	1	-0.0710000000000015	0.98857791723016	0	-2.75466346153846	0.0012405801798561	1	0.160038142591559	0.463276215756887
Body.composition_sample.area..cm2.	Body composition	sample area (cm2)	Ultrafocus - Densitométrie osseuse et composition corporelle	normal	0.368974358974359	0.981339142474418	0	-2.84928571428571	2.02445637539655e-05	1	0.143809523809523	0.954809836328655	0	-2.49485576923077	3.47563243569041e-06	1	0.312650221960513	0.743908565702301
Body.composition_soft.weight..g.	Body composition	soft weight (g)	Ultrafocus - Densitométrie osseuse et composition corporelle	normal	0.395794871794873	0.987277509725913	0	-4.72285714285714	1.34285572845624e-05	1	0.133761904761904	0.954809836328655	0	-4.47629807692308	5.40202830068002e-07	1	0.185988997556247	0.626535975896164
Body.composition_total.weight..g.	Body composition	total weight (g)	Ultrafocus - Densitométrie osseuse et composition corporelle	normal	0.398410256410255	0.987277509725913	0	-4.76214285714286	1.54782314901381e-05	1	0.133190476190475	0.954809836328655	0	-4.49548076923077	6.43057922654526e-07	1	0.177227292555566	0.628009489623969
